,gender,race/ethnicity,parental level of education,lunch,test preparation course,math score,math_score_binary,lunch_label,math_original
0,1.0,1.0,4.0,0.0,0.0,0.3900235098032764,fail,standard,73.97769940820199
1,1.0,2.0,2.0,0.0,1.0,0.19207552648237824,fail,standard,70.97125409867637
2,1.0,1.0,5.0,0.0,0.0,1.577711409728665,fail,standard,92.01637126535573
3,0.0,0.0,3.0,1.0,0.0,-1.2595430178708746,pass,free/reduced,48.92398849548846
4,0.0,2.0,2.0,0.0,0.0,0.6539541542311406,fail,standard,77.98629315423615
5,1.0,1.0,3.0,0.0,0.0,0.32404084869631034,fail,standard,72.97555097169345
6,1.0,1.0,2.0,0.0,1.0,1.445746087514733,fail,standard,90.01207439233865
7,0.0,1.0,2.0,1.0,0.0,-1.721421645619637,pass,free/reduced,41.908949439928676
8,0.0,3.0,1.0,1.0,1.0,-0.13783777905245198,pass,free/reduced,65.96051191613365
9,1.0,1.0,1.0,1.0,0.0,-1.853386967833569,pass,free/reduced,39.904652566911594
10,0.0,2.0,3.0,0.0,0.0,-0.5337337456942483,pass,standard,59.947621297082414
11,0.0,3.0,3.0,0.0,0.0,-1.721421645619637,pass,standard,41.908949439928676
12,1.0,1.0,1.0,0.0,0.0,-0.07185511794548592,pass,standard,66.9626603526422
13,0.0,0.0,2.0,0.0,1.0,0.7859194764450727,fail,standard,79.99059002725323
14,1.0,0.0,5.0,0.0,0.0,-1.0615950345499765,pass,standard,51.93043380501409
15,1.0,2.0,0.0,0.0,0.0,0.19207552648237824,fail,standard,70.97125409867637
16,0.0,2.0,1.0,0.0,0.0,1.445746087514733,fail,standard,90.01207439233865
17,1.0,1.0,0.0,1.0,0.0,-3.1730401899728897,pass,free/reduced,19.861683836740767
18,0.0,2.0,5.0,1.0,1.0,-1.3255256789778407,pass,free/reduced,47.921840058979924
19,1.0,2.0,3.0,1.0,0.0,-0.7976643901221123,pass,free/reduced,55.93902755104825
20,0.0,3.0,1.0,0.0,0.0,-0.005872456838519888,pass,standard,67.96480878915074
21,1.0,1.0,2.0,1.0,1.0,-0.07185511794548592,pass,free/reduced,66.9626603526422
22,0.0,3.0,2.0,0.0,0.0,-1.4574910011917728,pass,standard,45.91754318596284
23,1.0,2.0,0.0,0.0,0.0,0.19207552648237824,fail,standard,70.97125409867637
24,0.0,3.0,4.0,1.0,1.0,0.5219888320172085,fail,free/reduced,75.98199628121907
25,0.0,0.0,5.0,1.0,0.0,0.45600617091024237,fail,free/reduced,74.97984784471053
26,0.0,1.0,2.0,0.0,0.0,0.19207552648237824,fail,standard,70.97125409867637
27,1.0,2.0,4.0,0.0,0.0,0.060110204268446155,fail,standard,68.96695722565929
28,0.0,2.0,1.0,0.0,0.0,0.2580581875893443,fail,standard,71.9734025351849
29,1.0,3.0,5.0,0.0,0.0,-0.26980310126638407,pass,standard,63.95621504311658
30,1.0,3.0,2.0,0.0,0.0,0.19207552648237824,fail,standard,70.97125409867637
31,1.0,1.0,2.0,0.0,0.0,-0.203820440159418,pass,standard,64.95836347962512
32,1.0,4.0,5.0,1.0,0.0,-0.6656990679081803,pass,free/reduced,57.94332442406533
33,0.0,3.0,2.0,0.0,0.0,-1.721421645619637,pass,standard,41.908949439928676
34,0.0,4.0,2.0,0.0,0.0,2.0395900374774274,fail,standard,99.03141032091551
35,0.0,4.0,3.0,0.0,1.0,0.9838674597659707,fail,standard,82.99703533677886
36,1.0,3.0,3.0,0.0,0.0,0.5219888320172085,fail,standard,75.98199628121907
37,1.0,3.0,0.0,1.0,0.0,-1.0615950345499765,pass,free/reduced,51.93043380501409
38,1.0,3.0,3.0,1.0,1.0,0.5879714931241745,fail,free/reduced,76.98414471772762
39,0.0,1.0,3.0,1.0,0.0,-0.5997164068012143,pass,free/reduced,58.94547286057387
40,0.0,2.0,3.0,1.0,0.0,-0.7316817290151464,pass,free/reduced,56.94117598755679
41,1.0,2.0,3.0,0.0,0.0,-0.5337337456942483,pass,standard,59.947621297082414
42,1.0,1.0,3.0,0.0,0.0,-0.8636470512290784,pass,standard,54.93687911453971
43,0.0,1.0,2.0,1.0,1.0,-0.46775108458728215,pass,free/reduced,60.949769733590955
44,1.0,4.0,3.0,1.0,0.0,-1.0615950345499765,pass,free/reduced,51.93043380501409
45,0.0,1.0,3.0,0.0,0.0,-0.07185511794548592,pass,standard,66.9626603526422
46,1.0,0.0,3.0,0.0,1.0,-0.7316817290151464,pass,standard,56.94117598755679
47,1.0,2.0,1.0,0.0,0.0,-0.005872456838519888,pass,standard,67.96480878915074
48,1.0,3.0,3.0,1.0,1.0,-0.5997164068012143,pass,free/reduced,58.94547286057387
49,0.0,2.0,1.0,0.0,1.0,1.0498501208729367,fail,standard,83.9991837732874
50,0.0,4.0,2.0,0.0,0.0,-0.8636470512290784,pass,standard,54.93687911453971
51,0.0,4.0,3.0,1.0,1.0,0.7199368153381066,fail,free/reduced,78.9884415907447
52,0.0,2.0,2.0,0.0,0.0,-0.8636470512290784,pass,standard,54.93687911453971
53,0.0,3.0,1.0,0.0,0.0,1.445746087514733,fail,standard,90.01207439233865
54,1.0,2.0,0.0,1.0,1.0,0.32404084869631034,fail,free/reduced,72.97555097169345
55,1.0,2.0,1.0,1.0,0.0,-2.183300273368399,pass,free/reduced,34.89391038436889
56,1.0,4.0,3.0,0.0,1.0,1.0498501208729367,fail,standard,83.9991837732874
57,0.0,3.0,3.0,0.0,0.0,-0.9296297123360444,pass,standard,53.934730678031165
58,0.0,3.0,2.0,0.0,1.0,-0.5337337456942483,pass,standard,59.947621297082414
59,1.0,2.0,0.0,1.0,0.0,-4.360728089898279,pass,free/reduced,1.8230119795870223
60,0.0,4.0,4.0,1.0,1.0,0.8519021375520386,fail,free/reduced,80.99273846376178
61,0.0,0.0,0.0,1.0,0.0,-1.787404306726603,pass,free/reduced,40.90680100342013
62,0.0,0.0,3.0,1.0,0.0,-0.26980310126638407,pass,free/reduced,63.95621504311658
63,1.0,2.0,3.0,0.0,0.0,0.19207552648237824,fail,standard,70.97125409867637
64,1.0,3.0,0.0,0.0,0.0,-0.46775108458728215,pass,standard,60.949769733590955
65,0.0,1.0,0.0,0.0,0.0,0.060110204268446155,fail,standard,68.96695722565929
66,0.0,3.0,0.0,1.0,0.0,-1.3915083400848067,pass,free/reduced,46.919691622471376
67,1.0,2.0,2.0,0.0,0.0,-0.4017684234803161,pass,standard,61.951918170099496
68,0.0,1.0,3.0,1.0,0.0,-0.3357857623733501,pass,free/reduced,62.95406660660804
69,1.0,2.0,3.0,0.0,0.0,-1.787404306726603,pass,standard,40.90680100342013
70,1.0,3.0,2.0,1.0,1.0,-0.5337337456942483,pass,free/reduced,59.947621297082414
71,0.0,3.0,2.0,0.0,1.0,-0.203820440159418,pass,standard,64.95836347962512
72,1.0,0.0,3.0,1.0,0.0,-1.655438984512671,pass,free/reduced,42.91109787643721
73,0.0,2.0,0.0,1.0,0.0,-0.3357857623733501,pass,free/reduced,62.95406660660804
74,0.0,2.0,0.0,0.0,0.0,-1.1275776956569425,pass,standard,50.92828536850554
75,0.0,1.0,3.0,1.0,0.0,-1.4574910011917728,pass,free/reduced,45.91754318596284
76,0.0,4.0,0.0,0.0,0.0,-2.381248256689297,pass,standard,31.887465074843263
77,0.0,0.0,4.0,0.0,1.0,0.9178847986590046,fail,standard,81.99488690027032
78,1.0,3.0,0.0,0.0,1.0,-0.3357857623733501,pass,standard,62.95406660660804
79,1.0,4.0,5.0,0.0,0.0,-0.26980310126638407,pass,standard,63.95621504311658
80,1.0,1.0,3.0,0.0,0.0,-1.2595430178708746,pass,standard,48.92398849548846
81,0.0,1.0,1.0,1.0,0.0,-1.1275776956569425,pass,free/reduced,50.92828536850554
82,0.0,0.0,2.0,1.0,1.0,-1.0615950345499765,pass,free/reduced,51.93043380501409
83,0.0,4.0,3.0,0.0,0.0,0.3900235098032764,fail,standard,73.97769940820199
84,0.0,3.0,1.0,1.0,0.0,-1.5894563234057049,pass,free/reduced,43.91324631294576
85,1.0,2.0,2.0,0.0,0.0,0.45600617091024237,fail,standard,74.97984784471053
86,1.0,2.0,2.0,1.0,0.0,0.6539541542311406,fail,free/reduced,77.98629315423615
87,1.0,3.0,3.0,0.0,0.0,0.32404084869631034,fail,standard,72.97555097169345
88,1.0,0.0,2.0,0.0,0.0,-0.5337337456942483,pass,standard,59.947621297082414
89,1.0,3.0,0.0,0.0,0.0,0.45600617091024237,fail,standard,74.97984784471053
90,1.0,2.0,4.0,0.0,0.0,-0.07185511794548592,pass,standard,66.9626603526422
91,0.0,2.0,1.0,1.0,0.0,-2.5791962400101953,pass,free/reduced,28.88101976531764
92,0.0,2.0,1.0,0.0,0.0,0.32404084869631034,fail,standard,72.97555097169345
93,0.0,2.0,3.0,1.0,1.0,-1.5234736622987388,pass,free/reduced,44.91539474945429
94,1.0,1.0,2.0,0.0,0.0,0.8519021375520386,fail,standard,80.99273846376178
95,0.0,2.0,3.0,1.0,1.0,0.7859194764450727,fail,free/reduced,79.99059002725323
96,0.0,1.0,0.0,0.0,1.0,-0.07185511794548592,pass,standard,66.9626603526422
97,1.0,4.0,2.0,0.0,1.0,-0.203820440159418,pass,standard,64.95836347962512
98,1.0,3.0,2.0,1.0,0.0,-0.5337337456942483,pass,free/reduced,59.947621297082414
99,1.0,3.0,4.0,0.0,0.0,-0.07185511794548592,pass,standard,66.9626603526422
100,0.0,1.0,2.0,0.0,0.0,0.8519021375520386,fail,standard,80.99273846376178
101,0.0,3.0,4.0,0.0,1.0,0.1260928653754122,fail,standard,69.96910566216782
102,1.0,3.0,3.0,0.0,0.0,1.2477981041938349,fail,standard,87.00562908281303
103,0.0,1.0,1.0,0.0,1.0,-0.4017684234803161,pass,standard,61.951918170099496
104,0.0,2.0,2.0,0.0,1.0,2.1055726985843934,fail,standard,100.03355875742406
105,1.0,2.0,2.0,0.0,0.0,-0.5337337456942483,pass,standard,59.947621297082414
106,1.0,3.0,5.0,0.0,0.0,1.379763426407767,fail,standard,89.00992595583011
107,0.0,4.0,3.0,0.0,1.0,-0.005872456838519888,pass,standard,67.96480878915074
108,1.0,1.0,3.0,1.0,0.0,-0.9296297123360444,pass,free/reduced,53.934730678031165
109,1.0,1.0,0.0,0.0,0.0,0.2580581875893443,fail,standard,71.9734025351849
110,1.0,3.0,3.0,1.0,1.0,0.7199368153381066,fail,free/reduced,78.9884415907447
111,0.0,2.0,1.0,0.0,0.0,-0.26980310126638407,pass,standard,63.95621504311658
112,0.0,0.0,3.0,0.0,0.0,-0.7976643901221123,pass,standard,55.93902755104825
113,1.0,3.0,2.0,0.0,0.0,-0.9956123734430105,pass,standard,52.932582241522624
114,1.0,4.0,4.0,0.0,1.0,2.1715553596913595,fail,standard,101.03570719393261
115,0.0,2.0,1.0,0.0,0.0,1.1818154430868688,fail,standard,86.00348064630448
116,1.0,1.0,4.0,1.0,0.0,0.5879714931241745,fail,free/reduced,76.98414471772762
117,1.0,3.0,4.0,0.0,0.0,0.7859194764450727,fail,standard,79.99059002725323
118,1.0,3.0,0.0,0.0,0.0,-0.9956123734430105,pass,standard,52.932582241522624
119,1.0,2.0,2.0,0.0,0.0,-0.7316817290151464,pass,standard,56.94117598755679
120,1.0,2.0,4.0,0.0,1.0,0.8519021375520386,fail,standard,80.99273846376178
121,0.0,1.0,3.0,0.0,1.0,1.6436940708356311,fail,standard,93.01851970186428
122,1.0,2.0,2.0,0.0,1.0,1.445746087514733,fail,standard,90.01207439233865
123,0.0,3.0,1.0,1.0,0.0,-0.203820440159418,pass,free/reduced,64.95836347962512
124,0.0,4.0,2.0,0.0,0.0,1.1158327819799028,fail,standard,85.00133220979595
125,1.0,1.0,1.0,0.0,0.0,1.379763426407767,fail,standard,89.00992595583011
126,0.0,1.0,0.0,0.0,0.0,0.3900235098032764,fail,standard,73.97769940820199
127,0.0,3.0,2.0,0.0,1.0,-0.07185511794548592,pass,standard,66.9626603526422
128,0.0,3.0,5.0,0.0,0.0,1.0498501208729367,fail,standard,83.9991837732874
129,1.0,0.0,4.0,0.0,0.0,-0.9956123734430105,pass,standard,52.932582241522624
130,0.0,3.0,5.0,0.0,0.0,1.511728748621699,fail,standard,91.0142228288472
131,0.0,2.0,0.0,1.0,1.0,-0.8636470512290784,pass,free/reduced,54.93687911453971
132,0.0,4.0,2.0,1.0,1.0,1.379763426407767,fail,free/reduced,89.00992595583011
133,1.0,2.0,2.0,0.0,1.0,0.5879714931241745,fail,standard,76.98414471772762
134,0.0,3.0,4.0,1.0,1.0,0.5219888320172085,fail,free/reduced,75.98199628121907
135,0.0,2.0,4.0,0.0,0.0,-0.5337337456942483,pass,standard,59.947621297082414
136,0.0,1.0,0.0,0.0,1.0,-0.9956123734430105,pass,standard,52.932582241522624
137,0.0,4.0,1.0,0.0,0.0,0.2580581875893443,fail,standard,71.9734025351849
138,1.0,2.0,3.0,0.0,0.0,-0.46775108458728215,pass,standard,60.949769733590955
139,0.0,3.0,2.0,0.0,1.0,0.32404084869631034,fail,standard,72.97555097169345
140,1.0,3.0,0.0,0.0,0.0,0.6539541542311406,fail,standard,77.98629315423615
141,1.0,2.0,2.0,1.0,0.0,-0.46775108458728215,pass,free/reduced,60.949769733590955
142,1.0,4.0,2.0,1.0,1.0,-1.5894563234057049,pass,free/reduced,43.91324631294576
143,0.0,0.0,1.0,0.0,0.0,-0.5997164068012143,pass,standard,58.94547286057387
144,0.0,3.0,2.0,0.0,0.0,1.445746087514733,fail,standard,90.01207439233865
145,1.0,2.0,2.0,1.0,0.0,-2.9091095455450255,pass,free/reduced,23.870277582774932
146,0.0,1.0,0.0,0.0,0.0,1.445746087514733,fail,standard,90.01207439233865
147,0.0,2.0,3.0,1.0,0.0,0.45600617091024237,fail,free/reduced,74.97984784471053
148,1.0,3.0,4.0,0.0,1.0,0.1260928653754122,fail,standard,69.96910566216782
149,0.0,4.0,3.0,1.0,1.0,2.2375380207983255,fail,free/reduced,102.03785563044114
150,0.0,0.0,0.0,0.0,1.0,-0.26980310126638407,pass,standard,63.95621504311658
151,0.0,0.0,4.0,0.0,0.0,0.7199368153381066,fail,standard,78.9884415907447
152,1.0,1.0,3.0,0.0,1.0,-0.46775108458728215,pass,standard,60.949769733590955
153,0.0,3.0,4.0,0.0,0.0,-0.7976643901221123,pass,standard,55.93902755104825
154,0.0,3.0,0.0,0.0,0.0,-0.26980310126638407,pass,standard,63.95621504311658
155,1.0,2.0,2.0,0.0,1.0,0.2580581875893443,fail,standard,71.9734025351849
156,1.0,4.0,1.0,1.0,1.0,-0.005872456838519888,pass,free/reduced,67.96480878915074
157,0.0,1.0,2.0,1.0,0.0,-0.4017684234803161,pass,free/reduced,61.951918170099496
158,1.0,1.0,3.0,0.0,1.0,-0.3357857623733501,pass,standard,62.95406660660804
159,0.0,3.0,3.0,1.0,0.0,-0.005872456838519888,pass,free/reduced,67.96480878915074
160,0.0,1.0,3.0,1.0,1.0,1.0498501208729367,fail,free/reduced,83.9991837732874
161,1.0,4.0,2.0,1.0,1.0,0.5879714931241745,fail,free/reduced,76.98414471772762
162,0.0,1.0,5.0,1.0,0.0,-1.1275776956569425,pass,free/reduced,50.92828536850554
163,0.0,2.0,1.0,0.0,0.0,-0.9296297123360444,pass,standard,53.934730678031165
164,1.0,4.0,5.0,0.0,0.0,0.9838674597659707,fail,standard,82.99703533677886
165,1.0,2.0,4.0,0.0,1.0,1.9736073763704614,fail,standard,98.02926188440698
166,0.0,2.0,1.0,1.0,1.0,-0.8636470512290784,pass,free/reduced,54.93687911453971
167,1.0,1.0,5.0,1.0,1.0,-0.5337337456942483,pass,free/reduced,59.947621297082414
168,1.0,1.0,1.0,0.0,1.0,0.1260928653754122,fail,standard,69.96910566216782
169,1.0,2.0,2.0,1.0,1.0,0.060110204268446155,fail,free/reduced,68.96695722565929
170,0.0,0.0,1.0,0.0,1.0,0.3900235098032764,fail,standard,73.97769940820199
171,0.0,4.0,0.0,0.0,0.0,1.8416420541565293,fail,standard,96.0249650113899
172,1.0,3.0,2.0,0.0,0.0,0.8519021375520386,fail,standard,80.99273846376178
173,1.0,2.0,3.0,0.0,0.0,-0.203820440159418,pass,standard,64.95836347962512
174,1.0,2.0,4.0,1.0,1.0,-1.5234736622987388,pass,free/reduced,44.91539474945429
175,1.0,2.0,5.0,0.0,1.0,0.9838674597659707,fail,standard,82.99703533677886
176,1.0,1.0,1.0,1.0,1.0,-1.3255256789778407,pass,free/reduced,47.921840058979924
177,1.0,2.0,3.0,0.0,1.0,0.32404084869631034,fail,standard,72.97555097169345
178,1.0,1.0,5.0,1.0,1.0,-0.9296297123360444,pass,free/reduced,53.934730678031165
179,1.0,3.0,0.0,0.0,1.0,2.0395900374774274,fail,standard,99.03141032091551
180,0.0,2.0,5.0,1.0,1.0,-0.26980310126638407,pass,free/reduced,63.95621504311658
181,1.0,2.0,2.0,1.0,0.0,-1.3255256789778407,pass,free/reduced,47.921840058979924
182,1.0,4.0,1.0,0.0,0.0,-1.0615950345499765,pass,standard,51.93043380501409
183,1.0,3.0,3.0,0.0,0.0,-0.07185511794548592,pass,standard,66.9626603526422
184,0.0,2.0,0.0,1.0,1.0,-1.3915083400848067,pass,free/reduced,46.919691622471376
185,0.0,2.0,3.0,1.0,1.0,-0.07185511794548592,pass,free/reduced,66.9626603526422
186,0.0,4.0,1.0,0.0,0.0,0.9178847986590046,fail,standard,81.99488690027032
187,0.0,3.0,0.0,0.0,1.0,-0.26980310126638407,pass,standard,63.95621504311658
188,0.0,1.0,0.0,1.0,0.0,-1.1935603567639086,pass,free/reduced,49.92613693199701
189,1.0,2.0,4.0,0.0,0.0,0.7199368153381066,fail,standard,78.9884415907447
190,1.0,4.0,3.0,0.0,0.0,-0.005872456838519888,pass,standard,67.96480878915074
191,0.0,3.0,2.0,0.0,1.0,0.6539541542311406,fail,standard,77.98629315423615
192,1.0,1.0,0.0,0.0,0.0,-0.26980310126638407,pass,standard,63.95621504311658
193,0.0,3.0,2.0,0.0,1.0,0.7199368153381066,fail,standard,78.9884415907447
194,1.0,2.0,5.0,0.0,1.0,0.19207552648237824,fail,standard,70.97125409867637
195,0.0,3.0,3.0,0.0,0.0,-0.3357857623733501,pass,standard,62.95406660660804
196,0.0,2.0,0.0,1.0,1.0,-0.46775108458728215,pass,free/reduced,60.949769733590955
197,0.0,4.0,1.0,1.0,0.0,-0.7316817290151464,pass,free/reduced,56.94117598755679
198,1.0,1.0,2.0,1.0,0.0,-1.3915083400848067,pass,free/reduced,46.919691622471376
199,1.0,1.0,4.0,1.0,0.0,0.7859194764450727,fail,free/reduced,79.99059002725323
200,1.0,2.0,3.0,0.0,1.0,0.060110204268446155,fail,standard,68.96695722565929
201,1.0,3.0,2.0,1.0,0.0,-0.07185511794548592,pass,free/reduced,66.9626603526422
202,0.0,2.0,3.0,0.0,0.0,0.19207552648237824,fail,standard,70.97125409867637
203,1.0,1.0,3.0,0.0,0.0,-0.5997164068012143,pass,standard,58.94547286057387
204,0.0,2.0,2.0,0.0,0.0,-0.46775108458728215,pass,standard,60.949769733590955
205,0.0,3.0,0.0,0.0,1.0,0.5219888320172085,fail,standard,75.98199628121907
206,0.0,4.0,4.0,0.0,0.0,1.0498501208729367,fail,standard,83.9991837732874
207,0.0,4.0,1.0,0.0,1.0,0.9838674597659707,fail,standard,82.99703533677886
208,1.0,1.0,2.0,1.0,0.0,0.5219888320172085,fail,free/reduced,75.98199628121907
209,1.0,1.0,2.0,1.0,0.0,-0.5337337456942483,pass,free/reduced,59.947621297082414
210,0.0,3.0,0.0,1.0,1.0,0.9178847986590046,fail,free/reduced,81.99488690027032
211,0.0,2.0,2.0,1.0,0.0,-2.051334951154467,pass,free/reduced,36.89820725738597
212,1.0,2.0,1.0,1.0,0.0,-1.5894563234057049,pass,free/reduced,43.91324631294576
213,0.0,2.0,3.0,1.0,1.0,-0.4017684234803161,pass,free/reduced,61.951918170099496
214,0.0,4.0,1.0,0.0,1.0,1.379763426407767,fail,standard,89.00992595583011
215,0.0,1.0,0.0,0.0,1.0,1.1818154430868688,fail,standard,86.00348064630448
216,1.0,4.0,3.0,1.0,1.0,1.1158327819799028,fail,free/reduced,85.00133220979595
217,1.0,2.0,1.0,1.0,0.0,-2.117317612261433,pass,free/reduced,35.89605882087743
218,0.0,1.0,1.0,1.0,0.0,-0.005872456838519888,pass,free/reduced,67.96480878915074
219,0.0,1.0,0.0,0.0,1.0,-0.3357857623733501,pass,standard,62.95406660660804
220,1.0,3.0,1.0,0.0,1.0,-0.6656990679081803,pass,standard,57.94332442406533
221,0.0,1.0,3.0,0.0,0.0,1.379763426407767,fail,standard,89.00992595583011
222,1.0,2.0,0.0,1.0,0.0,-0.7316817290151464,pass,free/reduced,56.94117598755679
223,0.0,3.0,0.0,0.0,0.0,1.313780765300801,fail,standard,88.00777751932156
224,1.0,1.0,3.0,0.0,1.0,-0.9296297123360444,pass,standard,53.934730678031165
225,1.0,4.0,5.0,1.0,0.0,-1.3915083400848067,pass,free/reduced,46.919691622471376
226,1.0,2.0,2.0,0.0,0.0,0.3900235098032764,fail,standard,73.97769940820199
227,0.0,3.0,1.0,0.0,0.0,-0.5997164068012143,pass,standard,58.94547286057387
228,0.0,0.0,0.0,1.0,0.0,0.1260928653754122,fail,free/reduced,69.96910566216782
229,1.0,2.0,2.0,0.0,1.0,1.445746087514733,fail,standard,90.01207439233865
230,0.0,3.0,2.0,0.0,0.0,0.6539541542311406,fail,standard,77.98629315423615
231,0.0,2.0,3.0,0.0,0.0,-1.3255256789778407,pass,standard,47.921840058979924
232,1.0,1.0,4.0,0.0,0.0,0.060110204268446155,fail,standard,68.96695722565929
233,0.0,4.0,0.0,0.0,0.0,1.7096767319425972,fail,standard,94.02066813837281
234,0.0,2.0,4.0,0.0,1.0,1.1158327819799028,fail,standard,85.00133220979595
235,0.0,3.0,3.0,0.0,0.0,0.9178847986590046,fail,standard,81.99488690027032
236,0.0,3.0,4.0,1.0,0.0,-0.203820440159418,pass,free/reduced,64.95836347962512
237,1.0,3.0,0.0,0.0,1.0,-0.13783777905245198,pass,standard,65.96051191613365
238,0.0,1.0,2.0,0.0,0.0,-0.7976643901221123,pass,standard,55.93902755104825
239,0.0,2.0,3.0,0.0,0.0,1.1818154430868688,fail,standard,86.00348064630448
240,0.0,3.0,1.0,1.0,1.0,0.45600617091024237,fail,free/reduced,74.97984784471053
241,1.0,4.0,4.0,0.0,0.0,0.9178847986590046,fail,standard,81.99488690027032
242,1.0,3.0,1.0,0.0,0.0,-0.6656990679081803,pass,standard,57.94332442406533
243,0.0,4.0,2.0,0.0,0.0,-0.46775108458728215,pass,standard,60.949769733590955
244,0.0,3.0,0.0,0.0,0.0,0.5879714931241745,fail,standard,76.98414471772762
245,0.0,2.0,3.0,0.0,0.0,1.2477981041938349,fail,standard,87.00562908281303
246,0.0,4.0,3.0,0.0,0.0,1.511728748621699,fail,standard,91.0142228288472
247,1.0,1.0,1.0,0.0,1.0,-0.5337337456942483,pass,standard,59.947621297082414
248,1.0,1.0,1.0,0.0,0.0,-0.07185511794548592,pass,standard,66.9626603526422
249,0.0,2.0,1.0,0.0,0.0,0.1260928653754122,fail,standard,69.96910566216782
250,0.0,0.0,0.0,0.0,1.0,-1.2595430178708746,pass,standard,48.92398849548846
251,1.0,3.0,2.0,1.0,0.0,0.32404084869631034,fail,free/reduced,72.97555097169345
252,1.0,1.0,0.0,0.0,1.0,-0.4017684234803161,pass,standard,61.951918170099496
253,0.0,3.0,5.0,0.0,0.0,0.9178847986590046,fail,standard,81.99488690027032
254,0.0,3.0,1.0,0.0,0.0,-0.7976643901221123,pass,standard,55.93902755104825
255,1.0,4.0,2.0,0.0,0.0,-0.26980310126638407,pass,standard,63.95621504311658
256,1.0,2.0,3.0,1.0,0.0,-0.13783777905245198,pass,free/reduced,65.96051191613365
257,0.0,2.0,3.0,0.0,1.0,0.7859194764450727,fail,standard,79.99059002725323
258,1.0,1.0,2.0,0.0,0.0,0.2580581875893443,fail,standard,71.9734025351849
259,1.0,2.0,5.0,1.0,1.0,-0.07185511794548592,pass,free/reduced,66.9626603526422
260,1.0,2.0,0.0,1.0,1.0,-0.13783777905245198,pass,free/reduced,65.96051191613365
261,0.0,2.0,2.0,0.0,1.0,0.8519021375520386,fail,standard,80.99273846376178
262,1.0,2.0,0.0,1.0,0.0,-1.4574910011917728,pass,free/reduced,45.91754318596284
263,1.0,4.0,1.0,0.0,0.0,2.1715553596913595,fail,standard,101.03570719393261
264,0.0,3.0,1.0,0.0,0.0,0.6539541542311406,fail,standard,77.98629315423615
265,0.0,3.0,0.0,1.0,0.0,-0.46775108458728215,pass,free/reduced,60.949769733590955
266,1.0,2.0,4.0,0.0,0.0,-0.203820440159418,pass,standard,64.95836347962512
267,1.0,3.0,1.0,0.0,0.0,0.19207552648237824,fail,standard,70.97125409867637
268,1.0,3.0,3.0,0.0,1.0,1.445746087514733,fail,standard,90.01207439233865
269,1.0,4.0,2.0,1.0,0.0,0.32404084869631034,fail,free/reduced,72.97555097169345
270,0.0,2.0,4.0,0.0,0.0,0.19207552648237824,fail,standard,70.97125409867637
271,0.0,2.0,2.0,0.0,0.0,-0.5337337456942483,pass,standard,59.947621297082414
272,1.0,3.0,3.0,1.0,0.0,-1.2595430178708746,pass,free/reduced,48.92398849548846
273,1.0,3.0,2.0,0.0,0.0,-0.07185511794548592,pass,standard,66.9626603526422
274,0.0,1.0,2.0,0.0,1.0,1.445746087514733,fail,standard,90.01207439233865
275,0.0,2.0,4.0,0.0,0.0,1.1158327819799028,fail,standard,85.00133220979595
276,1.0,2.0,0.0,0.0,1.0,1.2477981041938349,fail,standard,87.00562908281303
277,1.0,4.0,1.0,0.0,1.0,-0.46775108458728215,pass,standard,60.949769733590955
278,1.0,2.0,0.0,1.0,0.0,-0.07185511794548592,pass,free/reduced,66.9626603526422
279,0.0,1.0,4.0,1.0,0.0,0.45600617091024237,fail,free/reduced,74.97984784471053
280,0.0,3.0,1.0,0.0,0.0,-0.8636470512290784,pass,standard,54.93687911453971
281,0.0,3.0,1.0,0.0,0.0,-1.3915083400848067,pass,standard,46.919691622471376
282,1.0,3.0,4.0,1.0,0.0,0.45600617091024237,fail,free/reduced,74.97984784471053
283,1.0,3.0,2.0,1.0,1.0,0.2580581875893443,fail,free/reduced,71.9734025351849
284,1.0,1.0,0.0,0.0,0.0,-1.919369628940535,pass,standard,38.902504130403045
285,0.0,1.0,3.0,0.0,1.0,0.9838674597659707,fail,standard,82.99703533677886
286,0.0,4.0,3.0,0.0,1.0,2.0395900374774274,fail,standard,99.03141032091551
287,1.0,1.0,0.0,0.0,0.0,0.060110204268446155,fail,standard,68.96695722565929
288,0.0,1.0,4.0,1.0,0.0,1.445746087514733,fail,free/reduced,90.01207439233865
289,0.0,4.0,0.0,0.0,1.0,0.7199368153381066,fail,standard,78.9884415907447
290,0.0,2.0,3.0,0.0,0.0,0.6539541542311406,fail,standard,77.98629315423615
291,0.0,3.0,0.0,0.0,0.0,1.313780765300801,fail,standard,88.00777751932156
292,0.0,2.0,0.0,0.0,1.0,-0.203820440159418,pass,standard,64.95836347962512
293,1.0,4.0,4.0,0.0,0.0,-0.07185511794548592,pass,standard,66.9626603526422
294,0.0,3.0,1.0,1.0,1.0,0.7859194764450727,fail,free/reduced,79.99059002725323
295,0.0,1.0,3.0,1.0,0.0,0.060110204268446155,fail,free/reduced,68.96695722565929
296,0.0,0.0,0.0,0.0,1.0,-1.3255256789778407,pass,standard,47.921840058979924
297,0.0,4.0,3.0,0.0,1.0,0.32404084869631034,fail,standard,72.97555097169345
298,0.0,2.0,1.0,1.0,1.0,-1.721421645619637,pass,free/reduced,41.908949439928676
299,0.0,3.0,3.0,1.0,0.0,1.577711409728665,fail,free/reduced,92.01637126535573
300,0.0,0.0,2.0,1.0,1.0,0.9838674597659707,fail,free/reduced,82.99703533677886
301,0.0,3.0,0.0,1.0,0.0,-0.6656990679081803,pass,free/reduced,57.94332442406533
302,1.0,2.0,3.0,0.0,1.0,0.060110204268446155,fail,standard,68.96695722565929
303,0.0,1.0,3.0,0.0,0.0,0.9178847986590046,fail,standard,81.99488690027032
304,1.0,2.0,3.0,0.0,1.0,0.5219888320172085,fail,standard,75.98199628121907
305,0.0,0.0,2.0,0.0,0.0,0.19207552648237824,fail,standard,70.97125409867637
306,0.0,4.0,2.0,0.0,1.0,2.1715553596913595,fail,standard,101.03570719393261
307,0.0,2.0,0.0,0.0,0.0,-0.9956123734430105,pass,standard,52.932582241522624
308,1.0,1.0,3.0,1.0,0.0,-0.8636470512290784,pass,free/reduced,54.93687911453971
309,1.0,3.0,1.0,1.0,0.0,-1.1275776956569425,pass,free/reduced,50.92828536850554
310,1.0,1.0,3.0,0.0,0.0,0.45600617091024237,fail,standard,74.97984784471053
311,0.0,1.0,4.0,0.0,0.0,-0.005872456838519888,pass,standard,67.96480878915074
312,0.0,3.0,4.0,0.0,1.0,0.060110204268446155,fail,standard,68.96695722565929
313,1.0,2.0,3.0,1.0,1.0,0.1260928653754122,fail,free/reduced,69.96910566216782
314,1.0,2.0,4.0,0.0,1.0,-0.46775108458728215,pass,standard,60.949769733590955
315,0.0,2.0,1.0,0.0,0.0,0.32404084869631034,fail,standard,72.97555097169345
316,1.0,3.0,5.0,0.0,1.0,0.7199368153381066,fail,standard,78.9884415907447
317,0.0,2.0,3.0,0.0,0.0,1.1158327819799028,fail,standard,85.00133220979595
318,0.0,1.0,4.0,0.0,0.0,-0.203820440159418,pass,standard,64.95836347962512
319,1.0,3.0,3.0,1.0,0.0,-0.6656990679081803,pass,free/reduced,57.94332442406533
320,1.0,2.0,1.0,1.0,1.0,0.060110204268446155,fail,free/reduced,68.96695722565929
321,1.0,4.0,1.0,0.0,0.0,0.5879714931241745,fail,standard,76.98414471772762
322,1.0,2.0,2.0,0.0,0.0,0.32404084869631034,fail,standard,72.97555097169345
323,1.0,2.0,0.0,1.0,0.0,-1.5234736622987388,pass,free/reduced,44.91539474945429
324,1.0,2.0,1.0,1.0,0.0,-1.655438984512671,pass,free/reduced,42.91109787643721
325,1.0,2.0,2.0,0.0,0.0,1.0498501208729367,fail,standard,83.9991837732874
326,0.0,2.0,2.0,0.0,0.0,-0.3357857623733501,pass,standard,62.95406660660804
327,0.0,0.0,2.0,1.0,0.0,-2.5132135789032293,pass,free/reduced,29.88316820182618
328,0.0,2.0,3.0,0.0,1.0,1.0498501208729367,fail,standard,83.9991837732874
329,1.0,1.0,0.0,0.0,0.0,-1.655438984512671,pass,standard,42.91109787643721
330,0.0,2.0,1.0,0.0,0.0,0.32404084869631034,fail,standard,72.97555097169345
331,0.0,2.0,3.0,0.0,0.0,-1.2595430178708746,pass,standard,48.92398849548846
332,0.0,4.0,3.0,0.0,1.0,-0.26980310126638407,pass,standard,63.95621504311658
333,0.0,1.0,3.0,0.0,0.0,1.577711409728665,fail,standard,92.01637126535573
334,1.0,2.0,4.0,0.0,0.0,1.1158327819799028,fail,standard,85.00133220979595
335,1.0,1.0,2.0,1.0,0.0,-0.3357857623733501,pass,free/reduced,62.95406660660804
336,0.0,3.0,0.0,0.0,1.0,0.6539541542311406,fail,standard,77.98629315423615
337,0.0,2.0,3.0,0.0,0.0,-1.1275776956569425,pass,standard,50.92828536850554
338,1.0,1.0,0.0,1.0,0.0,-2.7771442233310935,pass,free/reduced,25.874574455792015
339,1.0,3.0,0.0,1.0,1.0,-2.051334951154467,pass,free/reduced,36.89820725738597
340,0.0,2.0,1.0,1.0,0.0,-0.5337337456942483,pass,free/reduced,59.947621297082414
341,1.0,2.0,1.0,0.0,0.0,-0.3357857623733501,pass,standard,62.95406660660804
342,1.0,1.0,1.0,0.0,1.0,0.19207552648237824,fail,standard,70.97125409867637
343,0.0,3.0,3.0,0.0,1.0,0.060110204268446155,fail,standard,68.96695722565929
344,0.0,3.0,2.0,0.0,0.0,0.8519021375520386,fail,standard,80.99273846376178
345,1.0,2.0,1.0,0.0,0.0,0.3900235098032764,fail,standard,73.97769940820199
346,0.0,1.0,2.0,0.0,0.0,-0.26980310126638407,pass,standard,63.95621504311658
347,1.0,2.0,4.0,0.0,1.0,0.7199368153381066,fail,standard,78.9884415907447
348,0.0,3.0,1.0,1.0,0.0,0.5879714931241745,fail,free/reduced,76.98414471772762
349,0.0,4.0,3.0,0.0,0.0,1.379763426407767,fail,standard,89.00992595583011
350,1.0,1.0,4.0,0.0,0.0,-0.9296297123360444,pass,standard,53.934730678031165
351,0.0,4.0,2.0,0.0,0.0,-0.005872456838519888,pass,standard,67.96480878915074
352,1.0,2.0,2.0,0.0,1.0,-0.203820440159418,pass,standard,64.95836347962512
353,1.0,2.0,3.0,0.0,0.0,-1.3255256789778407,pass,standard,47.921840058979924
354,1.0,2.0,2.0,0.0,0.0,-0.46775108458728215,pass,standard,60.949769733590955
355,1.0,1.0,4.0,0.0,0.0,-0.3357857623733501,pass,standard,62.95406660660804
356,0.0,0.0,3.0,0.0,0.0,-0.203820440159418,pass,standard,64.95836347962512
357,1.0,2.0,2.0,1.0,1.0,-1.5894563234057049,pass,free/reduced,43.91324631294576
358,0.0,3.0,2.0,1.0,0.0,-0.46775108458728215,pass,free/reduced,60.949769733590955
359,1.0,3.0,2.0,0.0,0.0,0.9178847986590046,fail,standard,81.99488690027032
360,1.0,1.0,1.0,0.0,0.0,-0.5337337456942483,pass,standard,59.947621297082414
361,0.0,1.0,0.0,0.0,1.0,1.2477981041938349,fail,standard,87.00562908281303
362,1.0,2.0,2.0,0.0,0.0,-0.9296297123360444,pass,standard,53.934730678031165
363,1.0,3.0,0.0,1.0,0.0,-2.5791962400101953,pass,free/reduced,28.88101976531764
364,0.0,2.0,2.0,0.0,0.0,-0.46775108458728215,pass,standard,60.949769733590955
365,0.0,0.0,4.0,1.0,1.0,-1.1275776956569425,pass,free/reduced,50.92828536850554
366,0.0,2.0,1.0,0.0,1.0,0.19207552648237824,fail,standard,70.97125409867637
367,0.0,2.0,4.0,1.0,0.0,-0.3357857623733501,pass,free/reduced,62.95406660660804
368,1.0,0.0,0.0,1.0,0.0,-1.4574910011917728,pass,free/reduced,45.91754318596284
369,1.0,3.0,0.0,0.0,0.0,0.45600617091024237,fail,standard,74.97984784471053
370,0.0,4.0,2.0,0.0,0.0,1.1818154430868688,fail,standard,86.00348064630448
371,1.0,2.0,2.0,1.0,1.0,-1.3915083400848067,pass,free/reduced,46.919691622471376
372,0.0,3.0,0.0,0.0,0.0,0.5219888320172085,fail,standard,75.98199628121907
373,1.0,3.0,2.0,0.0,1.0,1.0498501208729367,fail,standard,83.9991837732874
374,1.0,3.0,4.0,0.0,0.0,-0.46775108458728215,pass,standard,60.949769733590955
375,0.0,4.0,3.0,1.0,0.0,-1.3255256789778407,pass,free/reduced,47.921840058979924
376,1.0,3.0,0.0,0.0,0.0,0.9178847986590046,fail,standard,81.99488690027032
377,1.0,3.0,5.0,1.0,1.0,1.2477981041938349,fail,free/reduced,87.00562908281303
378,1.0,0.0,0.0,0.0,0.0,0.32404084869631034,fail,standard,72.97555097169345
379,0.0,0.0,4.0,0.0,0.0,-0.005872456838519888,pass,standard,67.96480878915074
380,1.0,1.0,3.0,0.0,0.0,0.9178847986590046,fail,standard,81.99488690027032
381,0.0,2.0,3.0,0.0,1.0,1.379763426407767,fail,standard,89.00992595583011
382,0.0,2.0,5.0,1.0,0.0,0.8519021375520386,fail,free/reduced,80.99273846376178
383,1.0,4.0,0.0,1.0,0.0,-1.853386967833569,pass,free/reduced,39.904652566911594
384,1.0,0.0,0.0,1.0,0.0,-1.853386967833569,pass,free/reduced,39.904652566911594
385,1.0,4.0,2.0,0.0,0.0,0.060110204268446155,fail,standard,68.96695722565929
386,1.0,4.0,4.0,0.0,0.0,-0.13783777905245198,pass,standard,65.96051191613365
387,1.0,2.0,3.0,1.0,0.0,-0.5997164068012143,pass,free/reduced,58.94547286057387
388,1.0,3.0,1.0,0.0,0.0,-0.26980310126638407,pass,standard,63.95621504311658
389,0.0,3.0,5.0,0.0,0.0,0.45600617091024237,fail,standard,74.97984784471053
390,0.0,4.0,0.0,1.0,1.0,0.45600617091024237,fail,free/reduced,74.97984784471053
391,1.0,3.0,2.0,0.0,0.0,0.7199368153381066,fail,standard,78.9884415907447
392,0.0,4.0,2.0,0.0,0.0,0.6539541542311406,fail,standard,77.98629315423615
393,0.0,2.0,3.0,0.0,1.0,-0.5997164068012143,pass,standard,58.94547286057387
394,1.0,2.0,0.0,0.0,1.0,-0.07185511794548592,pass,standard,66.9626603526422
395,0.0,0.0,1.0,1.0,0.0,-1.1935603567639086,pass,free/reduced,49.92613693199701
396,1.0,1.0,1.0,1.0,0.0,-1.0615950345499765,pass,free/reduced,51.93043380501409
397,1.0,2.0,3.0,0.0,0.0,1.2477981041938349,fail,standard,87.00562908281303
398,0.0,1.0,0.0,0.0,0.0,0.5219888320172085,fail,standard,75.98199628121907
399,0.0,3.0,0.0,0.0,0.0,-0.4017684234803161,pass,standard,61.951918170099496
400,1.0,2.0,0.0,0.0,1.0,-0.46775108458728215,pass,standard,60.949769733590955
401,0.0,0.0,2.0,0.0,0.0,-0.8636470512290784,pass,standard,54.93687911453971
402,1.0,0.0,2.0,1.0,0.0,-1.1275776956569425,pass,free/reduced,50.92828536850554
403,1.0,3.0,1.0,0.0,1.0,1.445746087514733,fail,standard,90.01207439233865
404,1.0,2.0,1.0,0.0,0.0,-0.7976643901221123,pass,standard,55.93902755104825
405,1.0,2.0,0.0,0.0,0.0,-0.203820440159418,pass,standard,64.95836347962512
406,0.0,1.0,3.0,0.0,1.0,-0.07185511794548592,pass,standard,66.9626603526422
407,1.0,1.0,3.0,0.0,0.0,1.0498501208729367,fail,standard,83.9991837732874
408,1.0,3.0,1.0,1.0,1.0,-0.9296297123360444,pass,free/reduced,53.934730678031165
409,0.0,3.0,3.0,0.0,1.0,1.379763426407767,fail,standard,89.00992595583011
410,1.0,3.0,5.0,0.0,1.0,0.2580581875893443,fail,standard,71.9734025351849
411,0.0,4.0,2.0,0.0,1.0,1.1818154430868688,fail,standard,86.00348064630448
412,0.0,3.0,3.0,0.0,0.0,0.32404084869631034,fail,standard,72.97555097169345
413,0.0,1.0,0.0,0.0,1.0,-0.203820440159418,pass,standard,64.95836347962512
414,1.0,2.0,4.0,1.0,1.0,-0.9956123734430105,pass,free/reduced,52.932582241522624
415,0.0,4.0,1.0,0.0,0.0,1.1818154430868688,fail,standard,86.00348064630448
416,0.0,2.0,4.0,0.0,1.0,0.32404084869631034,fail,standard,72.97555097169345
417,0.0,2.0,3.0,0.0,0.0,0.5219888320172085,fail,standard,75.98199628121907
418,0.0,3.0,2.0,0.0,0.0,0.1260928653754122,fail,standard,69.96910566216782
419,0.0,4.0,1.0,1.0,1.0,-0.5997164068012143,pass,free/reduced,58.94547286057387
420,1.0,2.0,3.0,1.0,1.0,1.0498501208729367,fail,free/reduced,83.9991837732874
421,1.0,3.0,1.0,0.0,1.0,-0.5997164068012143,pass,standard,58.94547286057387
422,1.0,3.0,5.0,1.0,1.0,-1.2595430178708746,pass,free/reduced,48.92398849548846
423,1.0,0.0,0.0,0.0,1.0,-0.46775108458728215,pass,standard,60.949769733590955
424,0.0,1.0,2.0,1.0,0.0,-1.655438984512671,pass,free/reduced,42.91109787643721
425,1.0,2.0,2.0,1.0,0.0,-0.26980310126638407,pass,free/reduced,63.95621504311658
426,0.0,2.0,4.0,0.0,0.0,1.313780765300801,fail,standard,88.00777751932156
427,0.0,2.0,0.0,1.0,0.0,0.19207552648237824,fail,free/reduced,70.97125409867637
428,0.0,0.0,0.0,1.0,0.0,-0.07185511794548592,pass,free/reduced,66.9626603526422
429,0.0,2.0,0.0,1.0,0.0,0.1260928653754122,fail,free/reduced,69.96910566216782
430,0.0,2.0,3.0,1.0,0.0,-0.13783777905245198,pass,free/reduced,65.96051191613365
431,1.0,2.0,1.0,0.0,0.0,-0.3357857623733501,pass,standard,62.95406660660804
432,0.0,2.0,1.0,0.0,0.0,-0.3357857623733501,pass,standard,62.95406660660804
433,1.0,0.0,0.0,1.0,0.0,-1.2595430178708746,pass,free/reduced,48.92398849548846
434,0.0,2.0,0.0,0.0,0.0,0.45600617091024237,fail,standard,74.97984784471053
435,0.0,2.0,2.0,1.0,1.0,-1.0615950345499765,pass,free/reduced,51.93043380501409
436,0.0,3.0,3.0,0.0,0.0,0.5879714931241745,fail,standard,76.98414471772762
437,0.0,3.0,3.0,1.0,0.0,0.5879714931241745,fail,free/reduced,76.98414471772762
438,0.0,2.0,1.0,0.0,0.0,0.2580581875893443,fail,standard,71.9734025351849
439,0.0,3.0,0.0,0.0,1.0,1.511728748621699,fail,standard,91.0142228288472
440,1.0,2.0,2.0,0.0,1.0,0.060110204268446155,fail,standard,68.96695722565929
441,1.0,3.0,1.0,0.0,0.0,0.7859194764450727,fail,standard,79.99059002725323
442,1.0,0.0,0.0,1.0,0.0,-0.46775108458728215,pass,free/reduced,60.949769733590955
443,1.0,1.0,3.0,0.0,0.0,0.45600617091024237,fail,standard,74.97984784471053
444,0.0,0.0,0.0,1.0,0.0,0.8519021375520386,fail,free/reduced,80.99273846376178
445,1.0,2.0,0.0,0.0,1.0,0.060110204268446155,fail,standard,68.96695722565929
446,0.0,3.0,2.0,1.0,0.0,0.19207552648237824,fail,free/reduced,70.97125409867637
447,0.0,2.0,1.0,0.0,1.0,1.313780765300801,fail,standard,88.00777751932156
448,0.0,1.0,1.0,0.0,0.0,-1.2595430178708746,pass,standard,48.92398849548846
449,0.0,1.0,3.0,0.0,0.0,0.9838674597659707,fail,standard,82.99703533677886
450,1.0,2.0,2.0,1.0,1.0,-0.13783777905245198,pass,free/reduced,65.96051191613365
451,1.0,4.0,2.0,0.0,0.0,2.2375380207983255,fail,standard,102.03785563044114
452,1.0,2.0,3.0,1.0,0.0,-0.07185511794548592,pass,free/reduced,66.9626603526422
453,0.0,2.0,2.0,1.0,0.0,-0.07185511794548592,pass,free/reduced,66.9626603526422
454,1.0,2.0,3.0,1.0,0.0,-0.8636470512290784,pass,free/reduced,54.93687911453971
455,0.0,2.0,4.0,1.0,0.0,-1.919369628940535,pass,free/reduced,38.902504130403045
456,1.0,3.0,4.0,0.0,0.0,0.8519021375520386,fail,standard,80.99273846376178
457,0.0,3.0,3.0,1.0,0.0,-0.8636470512290784,pass,free/reduced,54.93687911453971
458,1.0,4.0,4.0,0.0,0.0,2.2375380207983255,fail,standard,102.03785563044114
459,0.0,1.0,1.0,0.0,1.0,0.3900235098032764,fail,standard,73.97769940820199
460,0.0,2.0,4.0,1.0,0.0,-0.8636470512290784,pass,free/reduced,54.93687911453971
461,0.0,1.0,2.0,1.0,0.0,-0.7976643901221123,pass,free/reduced,55.93902755104825
462,1.0,4.0,2.0,0.0,0.0,0.32404084869631034,fail,standard,72.97555097169345
463,1.0,2.0,2.0,1.0,0.0,0.7199368153381066,fail,free/reduced,78.9884415907447
464,0.0,0.0,4.0,0.0,1.0,0.5879714931241745,fail,standard,76.98414471772762
465,1.0,2.0,2.0,0.0,0.0,1.1818154430868688,fail,standard,86.00348064630448
466,1.0,3.0,3.0,1.0,0.0,-2.6451789011171614,pass,free/reduced,27.878871328809097
467,0.0,0.0,1.0,1.0,1.0,0.3900235098032764,fail,free/reduced,73.97769940820199
468,1.0,0.0,1.0,1.0,1.0,0.7199368153381066,fail,free/reduced,78.9884415907447
469,0.0,2.0,2.0,0.0,0.0,1.6436940708356311,fail,standard,93.01851970186428
470,1.0,2.0,3.0,0.0,1.0,1.1158327819799028,fail,standard,85.00133220979595
471,1.0,2.0,1.0,0.0,0.0,-0.203820440159418,pass,standard,64.95836347962512
472,1.0,2.0,3.0,0.0,1.0,0.1260928653754122,fail,standard,69.96910566216782
473,1.0,3.0,0.0,0.0,0.0,-0.46775108458728215,pass,standard,60.949769733590955
474,1.0,1.0,3.0,0.0,1.0,1.577711409728665,fail,standard,92.01637126535573
475,1.0,3.0,4.0,0.0,1.0,0.32404084869631034,fail,standard,72.97555097169345
476,0.0,4.0,4.0,0.0,1.0,0.6539541542311406,fail,standard,77.98629315423615
477,0.0,3.0,3.0,0.0,0.0,0.9178847986590046,fail,standard,81.99488690027032
478,1.0,3.0,5.0,0.0,0.0,-0.7316817290151464,pass,standard,56.94117598755679
479,0.0,4.0,3.0,0.0,0.0,0.6539541542311406,fail,standard,77.98629315423615
480,0.0,1.0,1.0,0.0,1.0,0.45600617091024237,fail,standard,74.97984784471053
481,1.0,3.0,3.0,1.0,0.0,-0.9296297123360444,pass,free/reduced,53.934730678031165
482,0.0,2.0,2.0,1.0,0.0,0.1260928653754122,fail,free/reduced,69.96910566216782
483,0.0,0.0,1.0,0.0,0.0,-0.46775108458728215,pass,standard,60.949769733590955
484,1.0,1.0,3.0,0.0,0.0,-1.1275776956569425,pass,standard,50.92828536850554
485,0.0,2.0,1.0,0.0,0.0,0.2580581875893443,fail,standard,71.9734025351849
486,0.0,3.0,2.0,1.0,0.0,-0.3357857623733501,pass,free/reduced,62.95406660660804
487,1.0,2.0,3.0,1.0,0.0,-0.4017684234803161,pass,free/reduced,61.951918170099496
488,0.0,1.0,0.0,0.0,1.0,-0.13783777905245198,pass,standard,65.96051191613365
489,0.0,0.0,3.0,1.0,1.0,0.8519021375520386,fail,free/reduced,80.99273846376178
490,1.0,0.0,3.0,1.0,0.0,-0.07185511794548592,pass,free/reduced,66.9626603526422
491,1.0,2.0,3.0,0.0,0.0,-0.13783777905245198,pass,standard,65.96051191613365
492,1.0,2.0,2.0,0.0,0.0,1.1158327819799028,fail,standard,85.00133220979595
493,1.0,2.0,4.0,0.0,0.0,0.9838674597659707,fail,standard,82.99703533677886
494,1.0,1.0,1.0,0.0,0.0,-0.7976643901221123,pass,standard,55.93902755104825
495,0.0,3.0,1.0,0.0,1.0,0.1260928653754122,fail,standard,69.96910566216782
496,1.0,2.0,2.0,0.0,0.0,-0.7976643901221123,pass,standard,55.93902755104825
497,1.0,3.0,2.0,1.0,1.0,-0.46775108458728215,pass,free/reduced,60.949769733590955
498,1.0,1.0,0.0,0.0,0.0,-0.005872456838519888,pass,standard,67.96480878915074
499,0.0,4.0,2.0,0.0,0.0,0.6539541542311406,fail,standard,77.98629315423615
500,1.0,3.0,5.0,0.0,0.0,0.5219888320172085,fail,standard,75.98199628121907
501,1.0,1.0,3.0,0.0,1.0,1.8416420541565293,fail,standard,96.0249650113899
502,0.0,2.0,2.0,1.0,0.0,-0.203820440159418,pass,free/reduced,64.95836347962512
503,1.0,4.0,3.0,0.0,1.0,1.9076247152634953,fail,standard,97.02711344789844
504,1.0,3.0,5.0,1.0,0.0,-1.721421645619637,pass,free/reduced,41.908949439928676
505,1.0,1.0,0.0,0.0,0.0,1.0498501208729367,fail,standard,83.9991837732874
506,0.0,0.0,1.0,0.0,0.0,0.1260928653754122,fail,standard,69.96910566216782
507,0.0,1.0,4.0,1.0,0.0,-0.7316817290151464,pass,free/reduced,56.94117598755679
508,0.0,2.0,5.0,0.0,0.0,0.8519021375520386,fail,standard,80.99273846376178
509,1.0,2.0,4.0,0.0,0.0,1.313780765300801,fail,standard,88.00777751932156
510,0.0,3.0,2.0,0.0,0.0,0.6539541542311406,fail,standard,77.98629315423615
511,0.0,0.0,0.0,0.0,0.0,-0.13783777905245198,pass,standard,65.96051191613365
512,0.0,3.0,0.0,1.0,0.0,-0.26980310126638407,pass,free/reduced,63.95621504311658
513,1.0,1.0,0.0,0.0,1.0,-0.7976643901221123,pass,standard,55.93902755104825
514,1.0,1.0,5.0,1.0,1.0,0.7199368153381066,fail,free/reduced,78.9884415907447
515,1.0,2.0,0.0,0.0,1.0,0.6539541542311406,fail,standard,77.98629315423615
516,1.0,3.0,2.0,0.0,0.0,0.5219888320172085,fail,standard,75.98199628121907
517,1.0,4.0,2.0,0.0,1.0,-0.005872456838519888,pass,standard,67.96480878915074
518,1.0,3.0,0.0,0.0,1.0,-0.005872456838519888,pass,standard,67.96480878915074
519,1.0,1.0,1.0,1.0,1.0,0.060110204268446155,fail,free/reduced,68.96695722565929
520,0.0,3.0,2.0,0.0,0.0,0.32404084869631034,fail,standard,72.97555097169345
521,1.0,2.0,3.0,0.0,0.0,1.6436940708356311,fail,standard,93.01851970186428
522,0.0,3.0,4.0,0.0,0.0,0.19207552648237824,fail,standard,70.97125409867637
523,0.0,2.0,5.0,1.0,0.0,-0.7976643901221123,pass,free/reduced,55.93902755104825
524,0.0,2.0,1.0,0.0,1.0,-0.8636470512290784,pass,standard,54.93687911453971
525,0.0,4.0,2.0,0.0,0.0,0.1260928653754122,fail,standard,69.96910566216782
526,0.0,2.0,0.0,1.0,1.0,-0.6656990679081803,pass,free/reduced,57.94332442406533
527,1.0,2.0,1.0,1.0,0.0,-1.9853522900475011,pass,free/reduced,37.90035569389451
528,1.0,3.0,4.0,1.0,0.0,-2.4472309177962632,pass,free/reduced,30.88531663833472
529,1.0,2.0,3.0,0.0,0.0,-0.26980310126638407,pass,standard,63.95621504311658
530,1.0,2.0,3.0,0.0,1.0,0.1260928653754122,fail,standard,69.96910566216782
531,1.0,2.0,0.0,0.0,0.0,-1.2595430178708746,pass,standard,48.92398849548846
532,0.0,4.0,3.0,0.0,1.0,-0.26980310126638407,pass,standard,63.95621504311658
533,1.0,4.0,3.0,0.0,1.0,0.8519021375520386,fail,standard,80.99273846376178
534,0.0,1.0,1.0,0.0,1.0,0.45600617091024237,fail,standard,74.97984784471053
535,1.0,2.0,4.0,1.0,1.0,-0.005872456838519888,pass,free/reduced,67.96480878915074
536,0.0,2.0,3.0,0.0,1.0,-0.9956123734430105,pass,standard,52.932582241522624
537,1.0,3.0,1.0,0.0,0.0,-0.9956123734430105,pass,standard,52.932582241522624
538,0.0,4.0,4.0,0.0,1.0,1.2477981041938349,fail,standard,87.00562908281303
539,0.0,0.0,3.0,0.0,1.0,2.0395900374774274,fail,standard,99.03141032091551
540,0.0,2.0,1.0,0.0,1.0,0.5879714931241745,fail,standard,76.98414471772762
541,0.0,3.0,3.0,1.0,1.0,0.8519021375520386,fail,free/reduced,80.99273846376178
542,1.0,2.0,3.0,0.0,0.0,0.9838674597659707,fail,standard,82.99703533677886
543,1.0,3.0,3.0,0.0,0.0,1.0498501208729367,fail,standard,83.9991837732874
544,1.0,3.0,5.0,0.0,0.0,-0.13783777905245198,pass,standard,65.96051191613365
545,0.0,4.0,0.0,1.0,1.0,0.7859194764450727,fail,free/reduced,79.99059002725323
546,1.0,0.0,0.0,0.0,1.0,1.7096767319425972,fail,standard,94.02066813837281
547,0.0,2.0,1.0,0.0,1.0,0.3900235098032764,fail,standard,73.97769940820199
548,1.0,2.0,1.0,1.0,0.0,-0.26980310126638407,pass,free/reduced,63.95621504311658
549,0.0,2.0,5.0,0.0,0.0,0.8519021375520386,fail,standard,80.99273846376178
550,0.0,2.0,0.0,1.0,0.0,0.8519021375520386,fail,free/reduced,80.99273846376178
551,0.0,1.0,4.0,1.0,1.0,1.379763426407767,fail,free/reduced,89.00992595583011
552,1.0,1.0,3.0,0.0,0.0,-1.721421645619637,pass,standard,41.908949439928676
553,0.0,3.0,2.0,1.0,0.0,0.7199368153381066,fail,free/reduced,78.9884415907447
554,0.0,4.0,3.0,0.0,0.0,-0.8636470512290784,pass,standard,54.93687911453971
555,1.0,2.0,2.0,1.0,0.0,-2.249282934475365,pass,free/reduced,33.891761947860346
556,1.0,2.0,3.0,0.0,1.0,-0.7316817290151464,pass,standard,56.94117598755679
557,0.0,2.0,5.0,1.0,0.0,-0.3357857623733501,pass,free/reduced,62.95406660660804
558,1.0,1.0,3.0,1.0,0.0,-0.8636470512290784,pass,free/reduced,54.93687911453971
559,0.0,3.0,0.0,0.0,0.0,0.45600617091024237,fail,standard,74.97984784471053
560,1.0,3.0,2.0,0.0,1.0,0.5219888320172085,fail,standard,75.98199628121907
561,1.0,2.0,2.0,0.0,0.0,-0.203820440159418,pass,standard,64.95836347962512
562,0.0,2.0,4.0,0.0,1.0,1.9736073763704614,fail,standard,98.02926188440698
563,1.0,3.0,2.0,1.0,1.0,-0.203820440159418,pass,free/reduced,64.95836347962512
564,0.0,1.0,4.0,1.0,0.0,-1.1935603567639086,pass,free/reduced,49.92613693199701
565,0.0,1.0,3.0,0.0,0.0,-1.1935603567639086,pass,standard,49.92613693199701
566,1.0,4.0,4.0,1.0,1.0,1.7096767319425972,fail,free/reduced,94.02066813837281
567,1.0,3.0,5.0,1.0,1.0,-0.3357857623733501,pass,free/reduced,62.95406660660804
568,0.0,1.0,1.0,1.0,0.0,-0.203820440159418,pass,free/reduced,64.95836347962512
569,0.0,3.0,4.0,1.0,0.0,0.1260928653754122,fail,free/reduced,69.96910566216782
570,0.0,1.0,2.0,0.0,1.0,0.32404084869631034,fail,standard,72.97555097169345
571,0.0,0.0,4.0,0.0,0.0,1.6436940708356311,fail,standard,93.01851970186428
572,1.0,2.0,2.0,0.0,0.0,-0.8636470512290784,pass,standard,54.93687911453971
573,1.0,2.0,1.0,1.0,1.0,-1.0615950345499765,pass,free/reduced,51.93043380501409
574,1.0,4.0,1.0,0.0,0.0,0.5219888320172085,fail,standard,75.98199628121907
575,0.0,0.0,3.0,1.0,1.0,-1.721421645619637,pass,free/reduced,41.908949439928676
576,0.0,0.0,2.0,0.0,1.0,-0.3357857623733501,pass,standard,62.95406660660804
577,1.0,1.0,1.0,0.0,0.0,0.9838674597659707,fail,standard,82.99703533677886
578,1.0,1.0,2.0,1.0,1.0,-1.1935603567639086,pass,free/reduced,49.92613693199701
579,1.0,3.0,5.0,0.0,0.0,-0.8636470512290784,pass,standard,54.93687911453971
580,1.0,3.0,0.0,0.0,0.0,0.9838674597659707,fail,standard,82.99703533677886
581,1.0,4.0,0.0,0.0,0.0,0.7199368153381066,fail,standard,78.9884415907447
582,1.0,3.0,4.0,1.0,0.0,-0.203820440159418,pass,free/reduced,64.95836347962512
583,1.0,3.0,3.0,0.0,1.0,0.45600617091024237,fail,standard,74.97984784471053
584,1.0,3.0,2.0,0.0,0.0,0.19207552648237824,fail,standard,70.97125409867637
585,1.0,2.0,3.0,0.0,0.0,-0.07185511794548592,pass,standard,66.9626603526422
586,1.0,0.0,1.0,0.0,0.0,-0.7316817290151464,pass,standard,56.94117598755679
587,1.0,2.0,4.0,1.0,0.0,-1.4574910011917728,pass,free/reduced,45.91754318596284
588,1.0,2.0,2.0,0.0,0.0,-0.7976643901221123,pass,standard,55.93902755104825
589,1.0,0.0,0.0,0.0,0.0,-1.1935603567639086,pass,standard,49.92613693199701
590,0.0,2.0,2.0,1.0,0.0,-0.5337337456942483,pass,free/reduced,59.947621297082414
591,0.0,0.0,0.0,0.0,0.0,0.32404084869631034,fail,standard,72.97555097169345
592,0.0,4.0,4.0,0.0,0.0,0.1260928653754122,fail,standard,69.96910566216782
593,1.0,4.0,1.0,0.0,0.0,0.5219888320172085,fail,standard,75.98199628121907
594,1.0,2.0,4.0,0.0,1.0,1.7096767319425972,fail,standard,94.02066813837281
595,1.0,2.0,4.0,0.0,1.0,-0.6656990679081803,pass,standard,57.94332442406533
596,0.0,1.0,1.0,1.0,0.0,-2.381248256689297,pass,free/reduced,31.887465074843263
597,0.0,0.0,0.0,0.0,0.0,-0.8636470512290784,pass,standard,54.93687911453971
598,1.0,3.0,1.0,0.0,0.0,0.19207552648237824,fail,standard,70.97125409867637
599,1.0,3.0,0.0,0.0,0.0,-0.07185511794548592,pass,standard,66.9626603526422
600,1.0,3.0,5.0,0.0,0.0,-0.7976643901221123,pass,standard,55.93902755104825
601,1.0,2.0,1.0,0.0,0.0,-2.4472309177962632,pass,standard,30.88531663833472
602,1.0,4.0,2.0,0.0,0.0,0.6539541542311406,fail,standard,77.98629315423615
603,0.0,3.0,1.0,1.0,0.0,-0.4017684234803161,pass,free/reduced,61.951918170099496
604,0.0,3.0,5.0,1.0,1.0,1.1818154430868688,fail,free/reduced,86.00348064630448
605,0.0,2.0,0.0,0.0,0.0,0.5879714931241745,fail,standard,76.98414471772762
606,1.0,2.0,3.0,0.0,0.0,1.2477981041938349,fail,standard,87.00562908281303
607,1.0,2.0,5.0,1.0,0.0,-1.721421645619637,pass,free/reduced,41.908949439928676
608,1.0,4.0,2.0,0.0,0.0,-0.3357857623733501,pass,standard,62.95406660660804
609,1.0,1.0,3.0,0.0,0.0,-0.5337337456942483,pass,standard,59.947621297082414
610,0.0,3.0,2.0,1.0,1.0,0.19207552648237824,fail,free/reduced,70.97125409867637
611,1.0,2.0,2.0,0.0,0.0,-0.5337337456942483,pass,standard,59.947621297082414
612,0.0,2.0,4.0,0.0,1.0,1.8416420541565293,fail,standard,96.0249650113899
613,1.0,2.0,3.0,0.0,0.0,-0.07185511794548592,pass,standard,66.9626603526422
614,1.0,0.0,3.0,0.0,0.0,1.0498501208729367,fail,standard,83.9991837732874
615,1.0,2.0,1.0,0.0,0.0,-0.4017684234803161,pass,standard,61.951918170099496
616,1.0,4.0,4.0,0.0,0.0,-1.919369628940535,pass,standard,38.902504130403045
617,0.0,3.0,4.0,0.0,0.0,1.445746087514733,fail,standard,90.01207439233865
618,0.0,3.0,5.0,0.0,0.0,1.9076247152634953,fail,standard,97.02711344789844
619,0.0,2.0,3.0,1.0,1.0,-0.07185511794548592,pass,free/reduced,66.9626603526422
620,1.0,2.0,1.0,1.0,0.0,-2.051334951154467,pass,free/reduced,36.89820725738597
621,0.0,1.0,4.0,1.0,0.0,-0.26980310126638407,pass,free/reduced,63.95621504311658
622,0.0,2.0,1.0,1.0,1.0,-0.5337337456942483,pass,free/reduced,59.947621297082414
623,0.0,0.0,2.0,0.0,1.0,2.2375380207983255,fail,standard,102.03785563044114
624,1.0,4.0,4.0,1.0,0.0,-0.3357857623733501,pass,free/reduced,62.95406660660804
625,0.0,3.0,2.0,0.0,1.0,2.2375380207983255,fail,standard,102.03785563044114
626,0.0,1.0,3.0,1.0,1.0,0.19207552648237824,fail,free/reduced,70.97125409867637
627,0.0,3.0,3.0,0.0,0.0,-0.3357857623733501,pass,standard,62.95406660660804
628,0.0,3.0,2.0,1.0,0.0,-1.1275776956569425,pass,free/reduced,50.92828536850554
629,1.0,2.0,0.0,0.0,1.0,-1.4574910011917728,pass,standard,45.91754318596284
630,0.0,3.0,2.0,0.0,0.0,0.060110204268446155,fail,standard,68.96695722565929
631,0.0,1.0,1.0,0.0,0.0,0.8519021375520386,fail,standard,80.99273846376178
632,1.0,1.0,4.0,0.0,1.0,-0.005872456838519888,pass,standard,67.96480878915074
633,1.0,2.0,1.0,0.0,0.0,0.5879714931241745,fail,standard,76.98414471772762
634,0.0,3.0,0.0,0.0,0.0,1.1818154430868688,fail,standard,86.00348064630448
635,0.0,0.0,1.0,0.0,0.0,0.32404084869631034,fail,standard,72.97555097169345
636,1.0,1.0,1.0,1.0,1.0,0.060110204268446155,fail,free/reduced,68.96695722565929
637,1.0,3.0,0.0,0.0,1.0,0.9178847986590046,fail,standard,81.99488690027032
638,0.0,4.0,2.0,0.0,0.0,1.313780765300801,fail,standard,88.00777751932156
639,1.0,3.0,3.0,0.0,0.0,0.6539541542311406,fail,standard,77.98629315423615
640,0.0,3.0,1.0,0.0,0.0,-1.655438984512671,pass,standard,42.91109787643721
641,1.0,3.0,3.0,1.0,1.0,0.5219888320172085,fail,free/reduced,75.98199628121907
642,1.0,1.0,0.0,1.0,0.0,0.3900235098032764,fail,free/reduced,73.97769940820199
643,1.0,4.0,1.0,0.0,1.0,0.5219888320172085,fail,standard,75.98199628121907
644,0.0,1.0,1.0,0.0,0.0,0.2580581875893443,fail,standard,71.9734025351849
645,1.0,1.0,4.0,0.0,1.0,-0.07185511794548592,pass,standard,66.9626603526422
646,1.0,3.0,3.0,0.0,0.0,-0.46775108458728215,pass,standard,60.949769733590955
647,1.0,4.0,1.0,1.0,0.0,-0.13783777905245198,pass,free/reduced,65.96051191613365
648,1.0,1.0,1.0,0.0,0.0,-1.0615950345499765,pass,standard,51.93043380501409
649,1.0,3.0,2.0,0.0,1.0,0.19207552648237824,fail,standard,70.97125409867637
650,0.0,2.0,0.0,1.0,1.0,-0.9956123734430105,pass,free/reduced,52.932582241522624
651,1.0,0.0,1.0,0.0,1.0,0.1260928653754122,fail,standard,69.96910566216782
652,1.0,3.0,2.0,0.0,1.0,1.2477981041938349,fail,standard,87.00562908281303
653,1.0,0.0,3.0,0.0,1.0,-0.07185511794548592,pass,standard,66.9626603526422
654,1.0,1.0,0.0,0.0,0.0,0.45600617091024237,fail,standard,74.97984784471053
655,1.0,1.0,2.0,0.0,0.0,-0.26980310126638407,pass,standard,63.95621504311658
656,0.0,2.0,3.0,1.0,0.0,0.7199368153381066,fail,free/reduced,78.9884415907447
657,0.0,3.0,0.0,0.0,0.0,0.19207552648237824,fail,standard,70.97125409867637
658,1.0,3.0,3.0,1.0,0.0,-1.5234736622987388,pass,free/reduced,44.91539474945429
659,0.0,3.0,3.0,0.0,0.0,1.577711409728665,fail,standard,92.01637126535573
660,0.0,2.0,2.0,1.0,0.0,0.5219888320172085,fail,free/reduced,75.98199628121907
661,0.0,2.0,0.0,0.0,0.0,0.45600617091024237,fail,standard,74.97984784471053
662,1.0,3.0,2.0,1.0,0.0,-0.7316817290151464,pass,free/reduced,56.94117598755679
663,1.0,2.0,1.0,0.0,0.0,-0.07185511794548592,pass,standard,66.9626603526422
664,0.0,3.0,3.0,0.0,0.0,0.9178847986590046,fail,standard,81.99488690027032
665,1.0,2.0,0.0,1.0,1.0,-1.0615950345499765,pass,free/reduced,51.93043380501409
666,1.0,2.0,2.0,1.0,1.0,-0.203820440159418,pass,free/reduced,64.95836347962512
667,1.0,1.0,4.0,1.0,0.0,0.7199368153381066,fail,free/reduced,78.9884415907447
668,0.0,2.0,2.0,0.0,0.0,0.45600617091024237,fail,standard,74.97984784471053
669,0.0,3.0,3.0,0.0,1.0,0.9838674597659707,fail,standard,82.99703533677886
670,1.0,2.0,1.0,1.0,0.0,-0.005872456838519888,pass,free/reduced,67.96480878915074
671,0.0,3.0,3.0,1.0,0.0,-0.9296297123360444,pass,free/reduced,53.934730678031165
672,1.0,2.0,2.0,0.0,0.0,0.19207552648237824,fail,standard,70.97125409867637
673,1.0,2.0,3.0,0.0,1.0,-0.07185511794548592,pass,standard,66.9626603526422
674,1.0,3.0,1.0,0.0,1.0,0.19207552648237824,fail,standard,70.97125409867637
675,1.0,1.0,2.0,0.0,1.0,-1.0615950345499765,pass,standard,51.93043380501409
676,1.0,4.0,2.0,0.0,1.0,0.45600617091024237,fail,standard,74.97984784471053
677,1.0,2.0,0.0,0.0,1.0,0.2580581875893443,fail,standard,71.9734025351849
678,0.0,3.0,3.0,1.0,0.0,0.9838674597659707,fail,free/reduced,82.99703533677886
679,0.0,3.0,2.0,1.0,0.0,-0.203820440159418,pass,free/reduced,64.95836347962512
680,1.0,3.0,1.0,0.0,0.0,0.060110204268446155,fail,standard,68.96695722565929
681,0.0,1.0,1.0,0.0,0.0,-0.4017684234803161,pass,standard,61.951918170099496
682,0.0,1.0,1.0,0.0,0.0,-0.26980310126638407,pass,standard,63.95621504311658
683,1.0,2.0,0.0,1.0,1.0,-2.4472309177962632,pass,free/reduced,30.88531663833472
684,0.0,1.0,2.0,0.0,1.0,-0.26980310126638407,pass,standard,63.95621504311658
685,1.0,4.0,5.0,0.0,1.0,1.8416420541565293,fail,standard,96.0249650113899
686,0.0,4.0,2.0,0.0,1.0,1.2477981041938349,fail,standard,87.00562908281303
687,0.0,3.0,3.0,1.0,0.0,0.7199368153381066,fail,free/reduced,78.9884415907447
688,0.0,0.0,1.0,1.0,0.0,-0.8636470512290784,pass,free/reduced,54.93687911453971
689,0.0,4.0,2.0,1.0,0.0,1.7756593930495632,fail,free/reduced,95.02281657488135
690,1.0,2.0,3.0,0.0,0.0,-1.1275776956569425,pass,standard,50.92828536850554
691,1.0,4.0,3.0,1.0,0.0,0.45600617091024237,fail,free/reduced,74.97984784471053
692,1.0,2.0,4.0,1.0,1.0,-0.005872456838519888,pass,free/reduced,67.96480878915074
693,1.0,3.0,3.0,0.0,0.0,0.7199368153381066,fail,standard,78.9884415907447
694,1.0,2.0,0.0,0.0,0.0,-1.1275776956569425,pass,standard,50.92828536850554
695,1.0,3.0,2.0,1.0,0.0,0.8519021375520386,fail,free/reduced,80.99273846376178
696,1.0,2.0,3.0,0.0,1.0,0.5879714931241745,fail,standard,76.98414471772762
697,1.0,0.0,4.0,0.0,0.0,-0.46775108458728215,pass,standard,60.949769733590955
698,1.0,3.0,3.0,0.0,1.0,-0.5997164068012143,pass,standard,58.94547286057387
699,0.0,2.0,1.0,1.0,0.0,-0.005872456838519888,pass,free/reduced,67.96480878915074
700,1.0,4.0,4.0,0.0,1.0,0.8519021375520386,fail,standard,80.99273846376178
701,1.0,1.0,0.0,0.0,0.0,-0.5997164068012143,pass,standard,58.94547286057387
702,0.0,0.0,4.0,0.0,1.0,1.379763426407767,fail,standard,89.00992595583011
703,1.0,3.0,2.0,0.0,0.0,-0.203820440159418,pass,standard,64.95836347962512
704,1.0,1.0,0.0,1.0,1.0,-0.46775108458728215,pass,free/reduced,60.949769733590955
705,0.0,0.0,4.0,1.0,0.0,-0.26980310126638407,pass,free/reduced,63.95621504311658
706,0.0,3.0,1.0,0.0,0.0,-1.3255256789778407,pass,standard,47.921840058979924
707,0.0,2.0,2.0,0.0,0.0,-0.005872456838519888,pass,standard,67.96480878915074
708,0.0,3.0,1.0,0.0,0.0,1.511728748621699,fail,standard,91.0142228288472
709,1.0,3.0,3.0,1.0,1.0,-1.5894563234057049,pass,free/reduced,43.91324631294576
710,0.0,2.0,2.0,0.0,1.0,1.7756593930495632,fail,standard,95.02281657488135
711,1.0,4.0,0.0,0.0,1.0,0.9178847986590046,fail,standard,81.99488690027032
712,1.0,3.0,2.0,0.0,0.0,2.1055726985843934,fail,standard,100.03355875742406
713,0.0,3.0,5.0,0.0,0.0,0.9838674597659707,fail,standard,82.99703533677886
714,1.0,1.0,0.0,0.0,1.0,-0.4017684234803161,pass,standard,61.951918170099496
715,1.0,1.0,3.0,1.0,1.0,0.6539541542311406,fail,free/reduced,77.98629315423615
716,0.0,2.0,3.0,0.0,1.0,0.45600617091024237,fail,standard,74.97984784471053
717,1.0,2.0,3.0,0.0,1.0,1.9736073763704614,fail,standard,98.02926188440698
718,1.0,2.0,1.0,0.0,0.0,0.6539541542311406,fail,standard,77.98629315423615
719,0.0,4.0,3.0,1.0,1.0,1.6436940708356311,fail,free/reduced,93.01851970186428
720,1.0,2.0,2.0,1.0,0.0,-0.26980310126638407,pass,free/reduced,63.95621504311658
721,0.0,3.0,0.0,1.0,1.0,-0.7316817290151464,pass,free/reduced,56.94117598755679
722,1.0,1.0,0.0,1.0,1.0,0.5219888320172085,fail,free/reduced,75.98199628121907
723,0.0,2.0,1.0,0.0,0.0,-1.0615950345499765,pass,standard,51.93043380501409
724,0.0,1.0,2.0,0.0,0.0,-1.2595430178708746,pass,standard,48.92398849548846
725,0.0,4.0,2.0,0.0,1.0,0.9838674597659707,fail,standard,82.99703533677886
726,1.0,4.0,3.0,0.0,1.0,-0.07185511794548592,pass,standard,66.9626603526422
727,0.0,4.0,0.0,0.0,1.0,0.1260928653754122,fail,standard,69.96910566216782
728,1.0,3.0,1.0,1.0,0.0,0.45600617091024237,fail,free/reduced,74.97984784471053
729,0.0,2.0,2.0,0.0,0.0,-0.8636470512290784,pass,standard,54.93687911453971
730,1.0,1.0,3.0,1.0,1.0,0.1260928653754122,fail,free/reduced,69.96910566216782
731,0.0,0.0,0.0,1.0,0.0,-0.7316817290151464,pass,free/reduced,56.94117598755679
732,1.0,2.0,2.0,0.0,1.0,1.379763426407767,fail,standard,89.00992595583011
733,0.0,3.0,0.0,0.0,0.0,-0.7316817290151464,pass,standard,56.94117598755679
734,1.0,4.0,2.0,1.0,0.0,-0.8636470512290784,pass,free/reduced,54.93687911453971
735,0.0,2.0,5.0,0.0,0.0,0.060110204268446155,fail,standard,68.96695722565929
736,0.0,2.0,3.0,0.0,0.0,1.7096767319425972,fail,standard,94.02066813837281
737,1.0,1.0,2.0,1.0,1.0,-0.8636470512290784,pass,free/reduced,54.93687911453971
738,0.0,3.0,3.0,0.0,0.0,0.9838674597659707,fail,standard,82.99703533677886
739,0.0,2.0,1.0,1.0,0.0,-0.3357857623733501,pass,free/reduced,62.95406660660804
740,0.0,3.0,4.0,0.0,0.0,0.9178847986590046,fail,standard,81.99488690027032
741,1.0,0.0,3.0,1.0,0.0,-1.919369628940535,pass,free/reduced,38.902504130403045
742,1.0,2.0,1.0,0.0,0.0,0.9838674597659707,fail,standard,82.99703533677886
743,1.0,2.0,3.0,0.0,1.0,-0.46775108458728215,pass,standard,60.949769733590955
744,0.0,1.0,2.0,1.0,0.0,-0.7316817290151464,pass,free/reduced,56.94117598755679
745,0.0,3.0,3.0,0.0,0.0,0.3900235098032764,fail,standard,73.97769940820199
746,0.0,3.0,1.0,0.0,0.0,0.19207552648237824,fail,standard,70.97125409867637
747,0.0,2.0,2.0,0.0,0.0,0.19207552648237824,fail,standard,70.97125409867637
748,1.0,2.0,4.0,1.0,0.0,-1.0615950345499765,pass,free/reduced,51.93043380501409
749,0.0,1.0,2.0,0.0,1.0,1.379763426407767,fail,standard,89.00992595583011
750,0.0,3.0,0.0,0.0,1.0,0.32404084869631034,fail,standard,72.97555097169345
751,0.0,4.0,2.0,0.0,0.0,0.1260928653754122,fail,standard,69.96910566216782
752,0.0,2.0,5.0,1.0,1.0,0.8519021375520386,fail,free/reduced,80.99273846376178
753,1.0,2.0,0.0,0.0,1.0,0.7199368153381066,fail,standard,78.9884415907447
754,0.0,2.0,3.0,1.0,0.0,-0.5337337456942483,pass,free/reduced,59.947621297082414
755,1.0,4.0,3.0,0.0,0.0,1.1818154430868688,fail,standard,86.00348064630448
756,0.0,3.0,2.0,0.0,0.0,-0.7316817290151464,pass,standard,56.94117598755679
757,0.0,4.0,4.0,1.0,1.0,0.2580581875893443,fail,free/reduced,71.9734025351849
758,1.0,3.0,2.0,1.0,1.0,-0.9296297123360444,pass,free/reduced,53.934730678031165
759,0.0,1.0,2.0,0.0,1.0,0.19207552648237824,fail,standard,70.97125409867637
760,1.0,2.0,1.0,1.0,0.0,-0.8636470512290784,pass,free/reduced,54.93687911453971
761,1.0,3.0,0.0,0.0,0.0,-1.1935603567639086,pass,standard,49.92613693199701
762,0.0,3.0,0.0,0.0,1.0,0.7859194764450727,fail,standard,79.99059002725323
763,1.0,1.0,1.0,0.0,0.0,-0.26980310126638407,pass,standard,63.95621504311658
764,0.0,3.0,2.0,0.0,0.0,-0.4017684234803161,pass,standard,61.951918170099496
765,1.0,1.0,1.0,0.0,0.0,0.5219888320172085,fail,standard,75.98199628121907
766,1.0,2.0,1.0,0.0,1.0,-0.5337337456942483,pass,standard,59.947621297082414
767,0.0,1.0,1.0,0.0,1.0,0.6539541542311406,fail,standard,77.98629315423615
768,1.0,3.0,0.0,0.0,0.0,0.1260928653754122,fail,standard,69.96910566216782
769,0.0,0.0,2.0,1.0,0.0,-0.5337337456942483,pass,free/reduced,59.947621297082414
770,0.0,1.0,1.0,0.0,0.0,-0.9296297123360444,pass,standard,53.934730678031165
771,0.0,3.0,4.0,0.0,0.0,0.5879714931241745,fail,standard,76.98414471772762
772,1.0,1.0,0.0,1.0,1.0,-0.9296297123360444,pass,free/reduced,53.934730678031165
773,1.0,2.0,4.0,1.0,0.0,-0.26980310126638407,pass,free/reduced,63.95621504311658
774,0.0,1.0,2.0,0.0,0.0,-0.005872456838519888,pass,standard,67.96480878915074
775,1.0,1.0,0.0,1.0,0.0,-1.1275776956569425,pass,free/reduced,50.92828536850554
776,1.0,1.0,1.0,0.0,0.0,-0.005872456838519888,pass,standard,67.96480878915074
777,1.0,2.0,2.0,1.0,0.0,-2.051334951154467,pass,free/reduced,36.89820725738597
778,1.0,0.0,2.0,0.0,1.0,0.3900235098032764,fail,standard,73.97769940820199
779,0.0,4.0,3.0,0.0,1.0,1.8416420541565293,fail,standard,96.0249650113899
780,1.0,3.0,3.0,1.0,0.0,-1.3255256789778407,pass,free/reduced,47.921840058979924
781,1.0,1.0,5.0,0.0,0.0,0.7199368153381066,fail,standard,78.9884415907447
782,1.0,1.0,1.0,1.0,1.0,0.6539541542311406,fail,free/reduced,77.98629315423615
783,1.0,2.0,3.0,0.0,1.0,-0.9296297123360444,pass,standard,53.934730678031165
784,0.0,2.0,4.0,0.0,1.0,1.6436940708356311,fail,standard,93.01851970186428
785,1.0,1.0,0.0,0.0,1.0,-2.249282934475365,pass,standard,33.891761947860346
786,1.0,4.0,0.0,1.0,0.0,0.3900235098032764,fail,free/reduced,73.97769940820199
787,1.0,1.0,2.0,0.0,0.0,-3.1070575288659237,pass,standard,20.863832273249308
788,0.0,2.0,3.0,1.0,0.0,0.1260928653754122,fail,free/reduced,69.96910566216782
789,1.0,2.0,5.0,1.0,0.0,-0.9296297123360444,pass,free/reduced,53.934730678031165
790,1.0,1.0,1.0,0.0,0.0,-1.1935603567639086,pass,standard,49.92613693199701
791,1.0,3.0,2.0,1.0,0.0,-0.4017684234803161,pass,free/reduced,61.951918170099496
792,0.0,3.0,1.0,1.0,0.0,-0.005872456838519888,pass,free/reduced,67.96480878915074
793,0.0,4.0,0.0,0.0,1.0,1.511728748621699,fail,standard,91.0142228288472
794,1.0,1.0,1.0,0.0,0.0,-1.5894563234057049,pass,standard,43.91324631294576
795,1.0,4.0,3.0,1.0,1.0,-0.5997164068012143,pass,free/reduced,58.94547286057387
796,0.0,3.0,1.0,0.0,0.0,0.2580581875893443,fail,standard,71.9734025351849
797,1.0,4.0,3.0,1.0,0.0,0.2580581875893443,fail,free/reduced,71.9734025351849
798,0.0,4.0,2.0,0.0,0.0,0.19207552648237824,fail,standard,70.97125409867637
799,1.0,2.0,3.0,0.0,0.0,-0.9296297123360444,pass,standard,53.934730678031165
800,0.0,2.0,0.0,0.0,1.0,0.060110204268446155,fail,standard,68.96695722565929
801,0.0,2.0,0.0,0.0,1.0,0.6539541542311406,fail,standard,77.98629315423615
802,1.0,4.0,3.0,0.0,0.0,1.379763426407767,fail,standard,89.00992595583011
803,1.0,1.0,2.0,0.0,0.0,1.0498501208729367,fail,standard,83.9991837732874
804,1.0,2.0,2.0,0.0,0.0,0.45600617091024237,fail,standard,74.97984784471053
805,0.0,0.0,2.0,1.0,0.0,0.5879714931241745,fail,free/reduced,76.98414471772762
806,1.0,3.0,2.0,1.0,0.0,-0.13783777905245198,pass,free/reduced,65.96051191613365
807,1.0,4.0,1.0,1.0,0.0,-1.655438984512671,pass,free/reduced,42.91109787643721
808,0.0,2.0,1.0,0.0,0.0,1.577711409728665,fail,standard,92.01637126535573
809,0.0,1.0,4.0,0.0,0.0,-0.46775108458728215,pass,standard,60.949769733590955
810,0.0,0.0,0.0,0.0,0.0,-0.9956123734430105,pass,standard,52.932582241522624
811,0.0,0.0,1.0,1.0,0.0,-1.3915083400848067,pass,free/reduced,46.919691622471376
812,1.0,2.0,5.0,0.0,1.0,-0.7976643901221123,pass,standard,55.93902755104825
813,0.0,4.0,0.0,0.0,1.0,1.379763426407767,fail,standard,89.00992595583011
814,1.0,2.0,1.0,0.0,0.0,0.3900235098032764,fail,standard,73.97769940820199
815,0.0,1.0,0.0,0.0,1.0,1.8416420541565293,fail,standard,96.0249650113899
816,1.0,0.0,4.0,0.0,0.0,-1.3915083400848067,pass,standard,46.919691622471376
817,0.0,3.0,4.0,1.0,1.0,-0.3357857623733501,pass,free/reduced,62.95406660660804
818,1.0,1.0,1.0,1.0,0.0,-0.4017684234803161,pass,free/reduced,61.951918170099496
819,1.0,2.0,0.0,0.0,0.0,0.7199368153381066,fail,standard,78.9884415907447
820,1.0,0.0,0.0,0.0,1.0,1.2477981041938349,fail,standard,87.00562908281303
821,1.0,3.0,4.0,1.0,0.0,0.7859194764450727,fail,free/reduced,79.99059002725323
822,0.0,4.0,2.0,1.0,1.0,-1.1275776956569425,pass,free/reduced,50.92828536850554
823,1.0,1.0,1.0,1.0,0.0,0.32404084869631034,fail,free/reduced,72.97555097169345
824,1.0,2.0,0.0,1.0,0.0,-1.1935603567639086,pass,free/reduced,49.92613693199701
825,0.0,2.0,1.0,0.0,0.0,-0.26980310126638407,pass,standard,63.95621504311658
826,1.0,2.0,3.0,1.0,1.0,-0.6656990679081803,pass,free/reduced,57.94332442406533
827,1.0,2.0,0.0,0.0,0.0,-0.07185511794548592,pass,standard,66.9626603526422
828,1.0,3.0,0.0,1.0,1.0,0.19207552648237824,fail,free/reduced,70.97125409867637
829,0.0,1.0,0.0,0.0,0.0,0.1260928653754122,fail,standard,69.96910566216782
830,1.0,0.0,2.0,1.0,0.0,-0.3357857623733501,pass,free/reduced,62.95406660660804
831,1.0,2.0,4.0,1.0,1.0,0.5219888320172085,fail,free/reduced,75.98199628121907
832,0.0,0.0,4.0,0.0,0.0,-0.13783777905245198,pass,standard,65.96051191613365
833,1.0,1.0,1.0,0.0,1.0,0.7199368153381066,fail,standard,78.9884415907447
834,0.0,1.0,2.0,0.0,0.0,-0.5337337456942483,pass,standard,59.947621297082414
835,1.0,2.0,1.0,0.0,1.0,-0.4017684234803161,pass,standard,61.951918170099496
836,0.0,4.0,1.0,0.0,0.0,0.45600617091024237,fail,standard,74.97984784471053
837,1.0,0.0,1.0,0.0,1.0,0.5879714931241745,fail,standard,76.98414471772762
838,0.0,1.0,3.0,1.0,1.0,-0.5337337456942483,pass,free/reduced,59.947621297082414
839,1.0,2.0,3.0,0.0,0.0,-0.005872456838519888,pass,standard,67.96480878915074
840,1.0,3.0,1.0,1.0,0.0,-1.787404306726603,pass,free/reduced,40.90680100342013
841,0.0,2.0,0.0,0.0,0.0,-0.13783777905245198,pass,standard,65.96051191613365
842,1.0,1.0,1.0,1.0,1.0,-2.8431268844380595,pass,free/reduced,24.872426019283473
843,0.0,1.0,2.0,1.0,1.0,0.5219888320172085,fail,free/reduced,75.98199628121907
844,1.0,3.0,0.0,1.0,1.0,-1.721421645619637,pass,free/reduced,41.908949439928676
845,0.0,4.0,5.0,0.0,0.0,1.577711409728665,fail,standard,92.01637126535573
846,0.0,2.0,5.0,0.0,1.0,1.6436940708356311,fail,standard,93.01851970186428
847,0.0,3.0,1.0,0.0,0.0,-0.13783777905245198,pass,standard,65.96051191613365
848,1.0,2.0,1.0,0.0,0.0,-0.46775108458728215,pass,standard,60.949769733590955
849,0.0,3.0,3.0,0.0,0.0,0.9178847986590046,fail,standard,81.99488690027032
850,0.0,2.0,5.0,0.0,0.0,0.32404084869631034,fail,standard,72.97555097169345
851,1.0,0.0,1.0,0.0,0.0,-0.3357857623733501,pass,standard,62.95406660660804
852,1.0,4.0,2.0,0.0,0.0,1.379763426407767,fail,standard,89.00992595583011
853,0.0,4.0,0.0,0.0,0.0,1.0498501208729367,fail,standard,83.9991837732874
854,0.0,2.0,0.0,0.0,0.0,-0.26980310126638407,pass,standard,63.95621504311658
855,1.0,1.0,4.0,0.0,0.0,2.0395900374774274,fail,standard,99.03141032091551
856,0.0,1.0,2.0,1.0,0.0,0.5879714931241745,fail,free/reduced,76.98414471772762
857,1.0,2.0,4.0,0.0,0.0,-0.07185511794548592,pass,standard,66.9626603526422
858,0.0,1.0,1.0,0.0,1.0,-0.9296297123360444,pass,standard,53.934730678031165
859,0.0,2.0,3.0,1.0,0.0,1.379763426407767,fail,free/reduced,89.00992595583011
860,1.0,2.0,3.0,0.0,0.0,-0.8636470512290784,pass,standard,54.93687911453971
861,1.0,4.0,5.0,1.0,0.0,0.9838674597659707,fail,free/reduced,82.99703533677886
862,0.0,3.0,4.0,1.0,1.0,-1.787404306726603,pass,free/reduced,40.90680100342013
863,1.0,2.0,2.0,0.0,1.0,0.32404084869631034,fail,standard,72.97555097169345
864,0.0,2.0,3.0,0.0,0.0,2.0395900374774274,fail,standard,99.03141032091551
865,0.0,3.0,2.0,0.0,1.0,1.0498501208729367,fail,standard,83.9991837732874
866,0.0,2.0,1.0,1.0,0.0,-0.46775108458728215,pass,free/reduced,60.949769733590955
867,0.0,1.0,3.0,0.0,0.0,-0.3357857623733501,pass,standard,62.95406660660804
868,0.0,4.0,3.0,1.0,1.0,0.7859194764450727,fail,free/reduced,79.99059002725323
869,0.0,2.0,3.0,1.0,0.0,-1.1275776956569425,pass,free/reduced,50.92828536850554
870,0.0,1.0,1.0,0.0,0.0,-0.46775108458728215,pass,standard,60.949769733590955
871,1.0,2.0,2.0,0.0,1.0,0.2580581875893443,fail,standard,71.9734025351849
872,0.0,1.0,3.0,0.0,1.0,1.0498501208729367,fail,standard,83.9991837732874
873,0.0,4.0,3.0,1.0,0.0,1.577711409728665,fail,free/reduced,92.01637126535573
874,1.0,2.0,4.0,1.0,0.0,-1.5234736622987388,pass,free/reduced,44.91539474945429
875,0.0,2.0,2.0,1.0,0.0,0.9178847986590046,fail,free/reduced,81.99488690027032
876,0.0,3.0,2.0,0.0,0.0,0.9838674597659707,fail,standard,82.99703533677886
877,0.0,2.0,0.0,0.0,0.0,-0.5997164068012143,pass,standard,58.94547286057387
878,1.0,3.0,0.0,0.0,0.0,-0.46775108458728215,pass,standard,60.949769733590955
879,1.0,3.0,3.0,0.0,0.0,-0.13783777905245198,pass,standard,65.96051191613365
880,0.0,2.0,4.0,0.0,1.0,-0.203820440159418,pass,standard,64.95836347962512
881,1.0,4.0,4.0,0.0,1.0,0.32404084869631034,fail,standard,72.97555097169345
882,1.0,1.0,1.0,1.0,0.0,-0.13783777905245198,pass,free/reduced,65.96051191613365
883,0.0,3.0,4.0,1.0,0.0,-0.7316817290151464,pass,free/reduced,56.94117598755679
884,1.0,4.0,3.0,0.0,0.0,-0.9956123734430105,pass,standard,52.932582241522624
885,1.0,2.0,3.0,0.0,1.0,-0.26980310126638407,pass,standard,63.95621504311658
886,1.0,4.0,3.0,0.0,1.0,1.7756593930495632,fail,standard,95.02281657488135
887,0.0,2.0,1.0,1.0,0.0,-0.7976643901221123,pass,free/reduced,55.93902755104825
888,1.0,3.0,2.0,1.0,0.0,0.19207552648237824,fail,free/reduced,70.97125409867637
889,0.0,3.0,1.0,1.0,0.0,-1.4574910011917728,pass,free/reduced,45.91754318596284
890,1.0,4.0,2.0,0.0,1.0,1.313780765300801,fail,standard,88.00777751932156
891,1.0,4.0,3.0,0.0,0.0,1.2477981041938349,fail,standard,87.00562908281303
892,1.0,0.0,5.0,1.0,0.0,-1.0615950345499765,pass,free/reduced,51.93043380501409
893,0.0,3.0,0.0,0.0,1.0,1.445746087514733,fail,standard,90.01207439233865
894,1.0,4.0,3.0,0.0,0.0,-0.46775108458728215,pass,standard,60.949769733590955
895,1.0,4.0,0.0,1.0,0.0,-2.249282934475365,pass,free/reduced,33.891761947860346
896,0.0,1.0,1.0,1.0,0.0,-1.9853522900475011,pass,free/reduced,37.90035569389451
897,1.0,1.0,0.0,1.0,1.0,-0.203820440159418,pass,free/reduced,64.95836347962512
898,0.0,3.0,3.0,0.0,1.0,0.060110204268446155,fail,standard,68.96695722565929
899,1.0,3.0,0.0,0.0,1.0,-0.07185511794548592,pass,standard,66.9626603526422
900,0.0,3.0,5.0,0.0,0.0,1.2477981041938349,fail,standard,87.00562908281303
901,1.0,2.0,5.0,0.0,0.0,0.45600617091024237,fail,standard,74.97984784471053
902,1.0,0.0,1.0,1.0,1.0,-2.117317612261433,pass,free/reduced,35.89605882087743
903,1.0,3.0,4.0,1.0,1.0,1.7756593930495632,fail,free/reduced,95.02281657488135
904,1.0,3.0,0.0,1.0,0.0,0.060110204268446155,fail,free/reduced,68.96695722565929
905,0.0,3.0,2.0,0.0,0.0,1.445746087514733,fail,standard,90.01207439233865
906,0.0,1.0,1.0,0.0,0.0,-0.5997164068012143,pass,standard,58.94547286057387
907,1.0,3.0,2.0,0.0,1.0,0.8519021375520386,fail,standard,80.99273846376178
908,1.0,2.0,4.0,1.0,0.0,0.060110204268446155,fail,free/reduced,68.96695722565929
909,0.0,4.0,4.0,0.0,1.0,0.2580581875893443,fail,standard,71.9734025351849
910,0.0,3.0,4.0,1.0,0.0,-1.0615950345499765,pass,free/reduced,51.93043380501409
911,1.0,0.0,2.0,0.0,0.0,0.19207552648237824,fail,standard,70.97125409867637
912,1.0,2.0,4.0,0.0,1.0,-0.9296297123360444,pass,standard,53.934730678031165
913,1.0,2.0,4.0,1.0,1.0,-1.2595430178708746,pass,free/reduced,48.92398849548846
914,1.0,1.0,3.0,1.0,0.0,-1.3255256789778407,pass,free/reduced,47.921840058979924
915,1.0,4.0,2.0,0.0,0.0,0.1260928653754122,fail,standard,69.96910566216782
916,0.0,4.0,4.0,0.0,1.0,2.2375380207983255,fail,standard,102.03785563044114
917,1.0,2.0,1.0,0.0,0.0,-1.4574910011917728,pass,standard,45.91754318596284
918,1.0,2.0,3.0,0.0,1.0,-0.5997164068012143,pass,standard,58.94547286057387
919,0.0,1.0,2.0,0.0,1.0,1.6436940708356311,fail,standard,93.01851970186428
920,0.0,3.0,1.0,1.0,0.0,0.19207552648237824,fail,free/reduced,70.97125409867637
921,1.0,2.0,1.0,1.0,0.0,-2.051334951154467,pass,free/reduced,36.89820725738597
922,0.0,3.0,1.0,0.0,0.0,0.3900235098032764,fail,standard,73.97769940820199
923,1.0,1.0,3.0,1.0,0.0,-0.7976643901221123,pass,free/reduced,55.93902755104825
924,0.0,3.0,1.0,1.0,0.0,0.5219888320172085,fail,free/reduced,75.98199628121907
925,0.0,4.0,0.0,0.0,1.0,0.5219888320172085,fail,standard,75.98199628121907
926,0.0,4.0,3.0,1.0,0.0,-0.13783777905245198,pass,free/reduced,65.96051191613365
927,1.0,3.0,1.0,1.0,1.0,-0.07185511794548592,pass,free/reduced,66.9626603526422
928,0.0,4.0,3.0,1.0,1.0,-1.3255256789778407,pass,free/reduced,47.921840058979924
929,1.0,2.0,0.0,1.0,0.0,-1.1935603567639086,pass,free/reduced,49.92613693199701
930,0.0,2.0,2.0,1.0,1.0,0.060110204268446155,fail,free/reduced,68.96695722565929
931,0.0,3.0,2.0,1.0,0.0,-0.26980310126638407,pass,free/reduced,63.95621504311658
932,0.0,3.0,3.0,1.0,1.0,-0.3357857623733501,pass,free/reduced,62.95406660660804
933,0.0,2.0,4.0,1.0,1.0,0.2580581875893443,fail,free/reduced,71.9734025351849
934,0.0,2.0,3.0,0.0,1.0,2.1055726985843934,fail,standard,100.03355875742406
935,0.0,3.0,2.0,1.0,0.0,0.2580581875893443,fail,free/reduced,71.9734025351849
936,0.0,0.0,3.0,0.0,0.0,0.060110204268446155,fail,standard,68.96695722565929
937,1.0,4.0,1.0,1.0,0.0,-0.5997164068012143,pass,free/reduced,58.94547286057387
938,0.0,3.0,2.0,0.0,1.0,1.2477981041938349,fail,standard,87.00562908281303
939,0.0,3.0,0.0,0.0,1.0,0.7199368153381066,fail,standard,78.9884415907447
940,0.0,2.0,5.0,1.0,1.0,0.3900235098032764,fail,free/reduced,73.97769940820199
941,1.0,3.0,5.0,0.0,0.0,0.7859194764450727,fail,standard,79.99059002725323
942,0.0,2.0,1.0,0.0,0.0,0.9838674597659707,fail,standard,82.99703533677886
943,0.0,0.0,0.0,1.0,1.0,-0.3357857623733501,pass,free/reduced,62.95406660660804
944,1.0,1.0,1.0,0.0,0.0,-0.5337337456942483,pass,standard,59.947621297082414
945,1.0,2.0,3.0,0.0,0.0,-0.7976643901221123,pass,standard,55.93902755104825
946,0.0,1.0,1.0,0.0,0.0,1.0498501208729367,fail,standard,83.9991837732874
947,1.0,3.0,2.0,1.0,0.0,-1.1275776956569425,pass,free/reduced,50.92828536850554
948,0.0,1.0,0.0,1.0,1.0,-1.1275776956569425,pass,free/reduced,50.92828536850554
949,1.0,4.0,1.0,1.0,1.0,-0.5997164068012143,pass,free/reduced,58.94547286057387
950,0.0,4.0,1.0,0.0,0.0,1.8416420541565293,fail,standard,96.0249650113899
951,1.0,3.0,2.0,0.0,1.0,0.5879714931241745,fail,standard,76.98414471772762
952,1.0,4.0,0.0,1.0,0.0,0.5219888320172085,fail,free/reduced,75.98199628121907
953,0.0,2.0,1.0,0.0,1.0,-0.5337337456942483,pass,standard,59.947621297082414
954,1.0,2.0,2.0,0.0,0.0,-0.26980310126638407,pass,standard,63.95621504311658
955,0.0,4.0,3.0,0.0,0.0,0.3900235098032764,fail,standard,73.97769940820199
956,0.0,2.0,2.0,0.0,0.0,1.1818154430868688,fail,standard,86.00348064630448
957,1.0,3.0,5.0,0.0,0.0,1.7096767319425972,fail,standard,94.02066813837281
958,1.0,3.0,1.0,0.0,0.0,-1.3915083400848067,pass,standard,46.919691622471376
959,0.0,2.0,1.0,0.0,0.0,0.5879714931241745,fail,standard,76.98414471772762
960,1.0,0.0,2.0,0.0,0.0,-0.6656990679081803,pass,standard,57.94332442406533
961,1.0,3.0,0.0,1.0,0.0,-1.1935603567639086,pass,free/reduced,49.92613693199701
962,1.0,4.0,3.0,0.0,0.0,2.2375380207983255,fail,standard,102.03785563044114
963,1.0,2.0,0.0,1.0,1.0,-0.07185511794548592,pass,free/reduced,66.9626603526422
964,0.0,3.0,2.0,0.0,0.0,0.3900235098032764,fail,standard,73.97769940820199
965,1.0,3.0,2.0,0.0,0.0,-0.26980310126638407,pass,standard,63.95621504311658
966,0.0,0.0,0.0,0.0,1.0,-0.005872456838519888,pass,standard,67.96480878915074
967,0.0,2.0,2.0,0.0,0.0,-0.203820440159418,pass,standard,64.95836347962512
968,1.0,4.0,3.0,0.0,0.0,0.1260928653754122,fail,standard,69.96910566216782
969,1.0,1.0,4.0,0.0,0.0,0.5879714931241745,fail,standard,76.98414471772762
970,1.0,3.0,4.0,0.0,0.0,1.511728748621699,fail,standard,91.0142228288472
971,0.0,2.0,0.0,0.0,1.0,0.7859194764450727,fail,standard,79.99059002725323
972,1.0,0.0,1.0,1.0,1.0,-0.8636470512290784,pass,free/reduced,54.93687911453971
973,1.0,3.0,2.0,1.0,0.0,-1.1275776956569425,pass,free/reduced,50.92828536850554
974,1.0,0.0,2.0,0.0,0.0,-0.7976643901221123,pass,standard,55.93902755104825
975,1.0,2.0,2.0,0.0,1.0,-0.13783777905245198,pass,standard,65.96051191613365
976,0.0,1.0,2.0,1.0,1.0,-0.4017684234803161,pass,free/reduced,61.951918170099496
977,0.0,2.0,3.0,0.0,0.0,-0.26980310126638407,pass,standard,63.95621504311658
978,0.0,3.0,1.0,0.0,1.0,-0.7316817290151464,pass,standard,56.94117598755679
979,1.0,2.0,3.0,0.0,0.0,1.6436940708356311,fail,standard,93.01851970186428
980,1.0,1.0,1.0,1.0,0.0,-3.83286680104255,pass,free/reduced,9.840199471655353
981,0.0,3.0,0.0,0.0,0.0,0.9838674597659707,fail,standard,82.99703533677886
982,0.0,1.0,0.0,0.0,1.0,0.8519021375520386,fail,standard,80.99273846376178
983,1.0,0.0,2.0,0.0,1.0,0.7859194764450727,fail,standard,79.99059002725323
984,1.0,2.0,0.0,0.0,0.0,0.5219888320172085,fail,standard,75.98199628121907
985,0.0,0.0,1.0,0.0,0.0,-0.5997164068012143,pass,standard,58.94547286057387
986,1.0,2.0,3.0,0.0,0.0,-1.721421645619637,pass,standard,41.908949439928676
987,0.0,4.0,0.0,0.0,1.0,0.9838674597659707,fail,standard,82.99703533677886
988,1.0,0.0,0.0,1.0,0.0,-1.4574910011917728,pass,free/reduced,45.91754318596284
989,1.0,3.0,2.0,1.0,1.0,0.060110204268446155,fail,free/reduced,68.96695722565929
990,0.0,4.0,1.0,1.0,1.0,1.313780765300801,fail,free/reduced,88.00777751932156
991,1.0,1.0,0.0,0.0,1.0,-0.07185511794548592,pass,standard,66.9626603526422
992,1.0,3.0,3.0,1.0,0.0,-0.7316817290151464,pass,free/reduced,56.94117598755679
993,1.0,3.0,4.0,1.0,0.0,-0.26980310126638407,pass,free/reduced,63.95621504311658
994,0.0,0.0,1.0,0.0,0.0,-0.203820440159418,pass,standard,64.95836347962512
995,1.0,4.0,5.0,0.0,1.0,1.445746087514733,fail,standard,90.01207439233865
996,0.0,2.0,1.0,1.0,0.0,-0.26980310126638407,pass,free/reduced,63.95621504311658
997,1.0,2.0,1.0,1.0,1.0,-0.46775108458728215,pass,free/reduced,60.949769733590955
998,1.0,3.0,2.0,0.0,1.0,0.1260928653754122,fail,standard,69.96910566216782
999,1.0,3.0,2.0,1.0,0.0,0.7199368153381066,fail,free/reduced,78.9884415907447
